Rk,Player,Pos,Age,Tm,G,MP,FG%,Dist.,,2P d,0-3 d,3-10 d,10-16 d,16-3P d,3P d,,2P p,0-3 p,3-10 p,10-16 p,16-3P p,3P p,,2P a,3P a,,%FGA du,#,,%3PA c,3P% c,,Att.,#
1,Steven Adams\adamsst01,C,26,OKC,63,1680,0.592,4.4,,0.994,0.513,0.397,0.082,0.002,0.006,,0.594,0.743,0.416,0.513,1,0.333,,0.67,1,,0.176,78,,0.333,0,,1,1
2,Bam Adebayo\adebaba01,PF,22,MIA,72,2417,0.557,5.8,,0.982,0.481,0.301,0.144,0.056,0.018,,0.564,0.726,0.445,0.404,0.227,0.143,,0.715,0.5,,0.219,157,,0.571,0.125,,1,0
3,LaMarcus Aldridge\aldrila01,C,34,SAS,53,1754,0.493,13.7,,0.802,0.202,0.129,0.227,0.245,0.198,,0.519,0.719,0.471,0.461,0.433,0.389,,0.567,0.951,,0.044,31,,0.185,0.379,,1,0
4,Kyle Alexander\alexaky01,C,23,MIA,2,13,0.5,1.5,,1,1,0,0,0,0,,0.5,0.5,,,,,,0,,,0,0,,,,,0,0
5,Nickeil Alexander-Walker\alexani01,SG,21,NOP,47,591,0.368,15.9,,0.5,0.244,0.173,0.053,0.03,0.5,,0.391,0.523,0.261,0.214,0.375,0.346,,0.192,0.913,,0.008,2,,0.188,0.36,,4,0
6,Grayson Allen\allengr01,SG,24,MEM,38,718,0.466,16.9,,0.438,0.151,0.179,0.104,0.004,0.562,,0.545,0.711,0.444,0.5,0,0.404,,0.6,0.982,,0.044,10,,0.255,0.556,,0,0
7,Jarrett Allen\allenja01,C,21,BRK,70,1852,0.649,2.6,,0.987,0.755,0.211,0.019,0.002,0.013,,0.658,0.746,0.367,0.444,0,0,,0.795,,,0.447,177,,0.833,0,,0,0
8,Kadeem Allen\allenka01,PG,27,NYK,10,117,0.432,15.1,,0.636,0.159,0.182,0.227,0.068,0.364,,0.5,0.571,0.375,0.6,0.333,0.313,,0.286,0.8,,0,0,,0.313,0.4,,0,0
9,Al-Farouq Aminu\aminual01,PF,29,ORL,18,380,0.291,13.3,,0.581,0.267,0.244,0,0.07,0.419,,0.32,0.435,0.19,,0.333,0.25,,0.438,0.889,,0.012,1,,0.222,0.375,,0,0
10,Justin Anderson\anderju01,SG,26,BRK,10,107,0.263,20.3,,0.237,0.211,0.026,0,0,0.763,,0.444,0.375,1,,,0.207,,1,1,,0.053,2,,0.276,0.25,,0,0
11,Kyle Anderson\anderky01,SF,26,MEM,67,1330,0.474,11.8,,0.743,0.26,0.263,0.136,0.085,0.257,,0.541,0.663,0.506,0.4,0.5,0.282,,0.541,1,,0.03,10,,0.518,0.25,,2,0
12,Ryan Anderson\anderry01,C,31,HOU,2,14,0.286,21.5,,0.286,0.143,0,0.143,0,0.714,,0.5,0,,1,,0.2,,0,1,,0,0,,0,,,0,0
13,Giannis Antetokounmpo\antetgi01,PF,25,MIL,63,1917,0.553,9.8,,0.763,0.482,0.16,0.073,0.048,0.237,,0.631,0.779,0.343,0.433,0.4,0.304,,0.438,0.551,,0.17,197,,0.034,0.5,,0,0
14,Kostas Antetokounmpo\antetko01,PF,22,LAL,5,20,1,1.5,,1,1,0,0,0,0,,1,1,,,,,,0.667,,,1,3,,,,,0,0
15,Thanasis Antetokounmpo\antetth01,SF,27,MIL,20,129,0.5,8.1,,0.792,0.667,0.063,0.063,0,0.208,,0.632,0.656,0.333,0.667,,0,,0.583,,,0.229,11,,0.4,0,,2,0
16,Carmelo Anthony\anthoca01,PF,35,POR,58,1902,0.43,14.5,,0.711,0.193,0.105,0.238,0.175,0.289,,0.448,0.53,0.476,0.419,0.38,0.385,,0.39,0.943,,0.032,17,,0.212,0.563,,1,0
17,OG Anunoby\anunoog01,SF,22,TOR,69,2066,0.505,11.6,,0.597,0.452,0.111,0.025,0.009,0.403,,0.583,0.68,0.27,0.357,0.2,0.39,,0.64,0.955,,0.154,84,,0.504,0.4,,0,0
18,Ryan Arcidiacono\arcidry01,PG,25,CHI,58,930,0.409,18.4,,0.373,0.15,0.1,0.1,0.023,0.627,,0.439,0.606,0.318,0.318,0.4,0.391,,0.5,0.889,,0,0,,0.29,0.475,,0,0
19,Trevor Ariza\arizatr01,SF,34,TOT,53,1493,0.438,17,,0.361,0.269,0.065,0.012,0.015,0.639,,0.556,0.701,0.19,0,0,0.372,,0.692,0.948,,0.059,16,,0.377,0.397,,1,0
20,D.J. Augustin\augusdj01,PG,32,ORL,57,1420,0.399,15.9,,0.564,0.197,0.167,0.121,0.078,0.436,,0.438,0.571,0.286,0.5,0.333,0.348,,0.193,0.629,,0,0,,0.129,0.346,,5,0
21,Deandre Ayton\aytonde01,C,21,PHO,38,1236,0.546,6.7,,0.977,0.461,0.227,0.188,0.1,0.023,,0.553,0.725,0.411,0.393,0.386,0.231,,0.746,1,,0.164,83,,0.154,0.5,,0,0
22,Dwayne Bacon\bacondw01,SG,24,CHO,39,687,0.348,11.6,,0.725,0.32,0.238,0.107,0.061,0.275,,0.373,0.449,0.345,0.231,0.333,0.284,,0.47,0.895,,0.012,3,,0.149,0.3,,0,0
23,Marvin Bagley III\baglema01,C,20,SAC,13,334,0.467,8.2,,0.868,0.431,0.293,0.06,0.084,0.132,,0.51,0.681,0.306,0.2,0.571,0.182,,0.635,1,,0.174,25,,0.045,0,,0,0
24,Lonzo Ball\balllo01,PG,22,NOP,63,2025,0.403,17.7,,0.425,0.215,0.083,0.049,0.079,0.575,,0.442,0.608,0.246,0.324,0.278,0.375,,0.411,0.824,,0.023,15,,0.21,0.349,,2,0
25,Mo Bamba\bambamo01,C,21,ORL,62,878,0.462,12.4,,0.626,0.406,0.126,0.031,0.063,0.374,,0.531,0.681,0.194,0.444,0.278,0.346,,0.537,1,,0.143,39,,0.103,0.182,,0,0
26,J.J. Barea\bareajo01,PG,35,DAL,29,450,0.411,14.8,,0.589,0.266,0.15,0.101,0.072,0.411,,0.434,0.582,0.29,0.286,0.4,0.376,,0.094,0.406,,0,0,,0.094,0.5,,1,0
27,Harrison Barnes\barneha02,PF,27,SAC,72,2482,0.46,11.8,,0.662,0.294,0.285,0.058,0.025,0.338,,0.501,0.691,0.363,0.304,0.3,0.381,,0.525,0.873,,0.043,31,,0.336,0.356,,1,1
28,RJ Barrett\barrerj01,SG,19,NYK,56,1704,0.402,10.7,,0.729,0.392,0.201,0.065,0.072,0.271,,0.432,0.568,0.267,0.277,0.288,0.32,,0.354,0.937,,0.056,35,,0.299,0.356,,1,0
29,Will Barton\bartowi01,SF,29,DEN,58,1916,0.45,13.5,,0.61,0.286,0.186,0.079,0.06,0.39,,0.498,0.616,0.328,0.414,0.568,0.375,,0.393,0.704,,0.037,25,,0.122,0.486,,1,1
30,Keita Bates-Diop\bateske01,PF-SF,24,TOT,44,744,0.427,12.9,,0.56,0.385,0.128,0.034,0.013,0.44,,0.504,0.611,0.3,0.125,0.333,0.33,,0.667,0.941,,0.034,8,,0.417,0.419,,0,0
31,Nicolas Batum\batumni01,SF,31,CHO,22,505,0.346,18.1,,0.395,0.222,0.012,0.074,0.086,0.605,,0.438,0.611,1,0.333,0,0.286,,0.214,0.929,,0.037,3,,0.388,0.316,,0,0
32,Aron Baynes\baynear01,C,33,PHO,42,934,0.48,13.3,,0.559,0.333,0.171,0.039,0.016,0.441,,0.582,0.638,0.569,0.333,0.167,0.351,,0.734,1,,0.081,28,,0.143,0.25,,0,0
33,Kent Bazemore\bazemke01,SF,30,TOT,68,1688,0.375,14.9,,0.543,0.268,0.139,0.069,0.067,0.457,,0.4,0.531,0.243,0.297,0.306,0.344,,0.491,0.952,,0.026,14,,0.459,0.313,,5,0
34,Darius Bazley\bazleda01,PF,19,OKC,61,1130,0.394,13.7,,0.555,0.287,0.196,0.038,0.035,0.445,,0.432,0.604,0.226,0.25,0.364,0.348,,0.618,0.898,,0.085,24,,0.333,0.298,,0,0
35,Bradley Beal\bealbr01,SG,26,WAS,57,2053,0.455,14.7,,0.631,0.239,0.141,0.135,0.115,0.369,,0.515,0.689,0.397,0.438,0.387,0.353,,0.376,0.635,,0.035,41,,0.119,0.316,,1,0
36,Malik Beasley\beaslma01,SG,23,TOT,55,1209,0.425,16.7,,0.483,0.189,0.129,0.096,0.069,0.517,,0.465,0.634,0.261,0.471,0.378,0.388,,0.667,0.888,,0.03,13,,0.185,0.451,,1,0
37,Marco Belinelli\belinma01,SG,33,SAS,57,883,0.392,20.5,,0.433,0.086,0.048,0.048,0.252,0.567,,0.412,0.667,0.2,0.333,0.38,0.376,,0.893,0.896,,0,0,,0.219,0.41,,0,0
38,Jordan Bell\belljo01,C,25,TOT,29,256,0.522,7.2,,0.821,0.627,0.119,0.045,0.03,0.179,,0.564,0.643,0.5,0,0,0.333,,0.742,0.75,,0.134,8,,0.667,0.5,,0,0
39,DeAndre' Bembry\bembrde01,SG,25,ATL,43,915,0.456,9.7,,0.715,0.469,0.206,0.031,0.009,0.285,,0.546,0.607,0.426,0.571,0,0.231,,0.584,1,,0.096,19,,0.4,0.308,,1,0
40,Dragan Bender\bendedr01,PF-C,22,TOT,16,286,0.446,13.9,,0.533,0.272,0.261,0,0,0.467,,0.531,0.68,0.375,,,0.349,,0.846,1,,0.065,6,,0.279,0.417,,0,0
41,Dāvis Bertāns\bertada01,PF,27,WAS,54,1583,0.434,22.2,,0.226,0.097,0.059,0.034,0.036,0.774,,0.471,0.644,0.306,0.429,0.318,0.424,,0.754,0.915,,0.025,14,,0.078,0.568,,1,0
42,Patrick Beverley\beverpa01,PG,31,LAC,51,1342,0.431,17.2,,0.396,0.194,0.147,0.041,0.015,0.604,,0.496,0.591,0.46,0.286,0.2,0.388,,0.299,0.95,,0.006,1,,0.311,0.422,,0,0
43,Khem Birch\birchkh01,C,27,ORL,48,922,0.51,4.5,,0.993,0.476,0.448,0.063,0.007,0.007,,0.514,0.706,0.344,0.222,1,0,,0.671,,,0.175,23,,1,0,,0,0
44,Goga Bitadze\bitadgo01,C,20,IND,54,471,0.467,13.4,,0.72,0.267,0.167,0.14,0.147,0.28,,0.574,0.775,0.52,0.333,0.5,0.19,,0.839,1,,0.093,14,,0.095,0.25,,1,0
45,Bismack Biyombo\biyombi01,C,27,CHO,53,1029,0.543,3.6,,1,0.604,0.32,0.065,0.011,0,,0.543,0.702,0.315,0.278,0,,,0.834,,,0.212,56,,,,,0,0
46,Nemanja Bjelica\bjeline01,PF,31,SAC,72,2011,0.481,15.4,,0.51,0.253,0.198,0.031,0.029,0.49,,0.541,0.63,0.465,0.45,0.368,0.419,,0.55,0.948,,0.028,18,,0.125,0.525,,0,0
47,Eric Bledsoe\bledser01,PG,30,MIL,61,1646,0.475,12.2,,0.694,0.337,0.185,0.098,0.074,0.306,,0.533,0.709,0.354,0.362,0.404,0.344,,0.319,0.459,,0.003,2,,0.126,0.296,,0,0
48,Bogdan Bogdanović\bogdabo01,SG,27,SAC,61,1766,0.44,18.5,,0.424,0.121,0.128,0.099,0.076,0.576,,0.532,0.677,0.459,0.434,0.552,0.372,,0.358,0.854,,0.004,2,,0.193,0.365,,1,0
49,Bojan Bogdanović\bogdabo02,SF,30,UTA,63,2083,0.447,15.4,,0.511,0.195,0.207,0.08,0.029,0.489,,0.479,0.698,0.361,0.333,0.259,0.414,,0.507,0.857,,0.029,22,,0.282,0.473,,0,0
50,Bol Bol\bolbo01,PF,20,DEN,7,87,0.5,12.1,,0.679,0.321,0.143,0.179,0.036,0.321,,0.526,0.778,0.5,0.2,0,0.444,,0.5,1,,0.107,3,,0.222,0,,0,0
51,Jonah Bolden\boldejo01,C,24,TOT,7,47,0.364,9.7,,0.636,0.636,0,0,0,0.364,,0.571,0.571,,,,0,,0.5,,,0.182,1,,0.5,0,,0,0
52,Marques Bolden\boldema01,C,21,CLE,1,3,,,,,,,,,,,,,,,,,,,,,,0,,,,,0,0
53,Jordan Bone\bonejo01,PG,22,DET,10,53,0.25,17.8,,0.5,0.05,0.15,0.25,0.05,0.5,,0.3,1,0,0.4,0,0.2,,0.667,0.5,,0,0,,0,,,0,0
54,Isaac Bonga\bongais01,SF,20,WAS,66,1250,0.504,10.1,,0.697,0.462,0.179,0.038,0.017,0.303,,0.571,0.648,0.476,0.222,0.25,0.352,,0.559,1,,0.043,8,,0.38,0.444,,2,0
55,Devin Booker\bookede01,SG,23,PHO,70,2512,0.489,14.1,,0.69,0.228,0.136,0.213,0.112,0.31,,0.549,0.72,0.463,0.487,0.424,0.354,,0.416,0.61,,0.017,22,,0.09,0.361,,0,0
56,Chris Boucher\bouchch01,C,27,TOR,62,819,0.472,11.8,,0.605,0.468,0.1,0.017,0.02,0.395,,0.569,0.621,0.433,0.2,0.333,0.322,,0.66,1,,0.157,44,,0.144,0.176,,0,0
57,Brian Bowen\bowenbr02,SF,21,IND,6,31,0.3,9.9,,0.8,0.4,0.2,0.1,0.1,0.2,,0.375,0.25,1,0,0,0,,0.667,,,0.1,1,,1,0,,0,0
58,Ky Bowman\bowmaky01,PG,22,GSW,45,1015,0.417,14.8,,0.667,0.209,0.159,0.146,0.153,0.333,,0.472,0.657,0.314,0.468,0.388,0.308,,0.446,0.727,,0.04,11,,0.234,0.44,,1,0
59,Avery Bradley\bradlav01,SG,29,LAL,49,1186,0.444,16.9,,0.548,0.17,0.091,0.076,0.211,0.452,,0.51,0.646,0.429,0.448,0.457,0.364,,0.738,0.921,,0.005,2,,0.468,0.358,,1,0
60,Tony Bradley\bradlto01,C,22,UTA,58,663,0.667,2.9,,0.984,0.762,0.201,0.016,0.005,0.016,,0.661,0.743,0.368,0.667,0,1,,0.691,1,,0.201,32,,0,,,0,0
61,Jarrell Brantley\brantja01,PF,23,UTA,9,96,0.357,13.6,,0.536,0.286,0.214,0.036,0,0.464,,0.467,0.75,0.167,0,,0.231,,0.429,1,,0.036,1,,0.462,0.333,,0,0
62,Ignas Brazdeikis\brazdig01,SF,21,NYK,9,53,0.273,15.7,,0.591,0.273,0.136,0.045,0.136,0.409,,0.385,0.833,0,0,0,0.111,,0.2,1,,0,0,,0.111,0,,0,0
63,Corey Brewer\breweco01,PF,33,SAC,5,33,0.5,7.5,,0.75,0.5,0.25,0,0,0.25,,0.667,1,0,,,0,,1,,,0,0,,1,0,,0,0
64,Mikal Bridges\bridgmi01,SF,23,PHO,73,2042,0.51,12.6,,0.599,0.386,0.122,0.062,0.029,0.401,,0.61,0.749,0.339,0.367,0.429,0.361,,0.763,0.986,,0.101,43,,0.49,0.411,,1,0
65,Miles Bridges\bridgmi02,SF,21,CHO,65,1995,0.424,12.9,,0.602,0.308,0.226,0.05,0.017,0.398,,0.486,0.621,0.335,0.316,0.538,0.33,,0.514,0.939,,0.07,47,,0.353,0.377,,4,0
66,Oshae Brissett\brissos01,SF,21,TOR,19,135,0.361,11.7,,0.583,0.389,0.167,0.028,0,0.417,,0.476,0.714,0,0,,0.2,,0.6,1,,0.194,6,,0.533,0.25,,0,0
67,Ryan Broekhoff\broekry01,SF,29,DAL,17,180,0.373,22.5,,0.136,0.068,0.034,0.034,0,0.864,,0.25,0.25,0.5,0,,0.392,,0.5,0.95,,0,0,,0.294,0.4,,0,0
68,Malcolm Brogdon\brogdma01,PG,27,IND,54,1666,0.438,13.9,,0.691,0.325,0.087,0.099,0.179,0.309,,0.488,0.533,0.308,0.541,0.466,0.326,,0.187,0.453,,0.008,6,,0.078,0.222,,0,0
69,Dillon Brooks\brookdi01,SG,24,MEM,73,2112,0.407,15.6,,0.615,0.169,0.155,0.174,0.117,0.385,,0.438,0.528,0.38,0.435,0.392,0.358,,0.535,0.891,,0.013,11,,0.107,0.386,,1,0
70,Bruce Brown\brownbr01,PG,23,DET,58,1634,0.443,8.5,,0.785,0.391,0.347,0.036,0.011,0.215,,0.47,0.6,0.355,0.25,0.2,0.344,,0.382,0.97,,0.056,21,,0.625,0.417,,0,0
71,Charlie Brown\brownch02,SG,22,ATL,10,40,0.316,14.3,,0.526,0.263,0.211,0.053,0,0.474,,0.3,0.2,0.5,0,,0.333,,1,1,,0.053,1,,0.222,0,,0,0
72,Jaylen Brown\brownja02,SG,23,BOS,57,1934,0.481,13.6,,0.619,0.269,0.194,0.09,0.065,0.381,,0.543,0.703,0.407,0.488,0.362,0.382,,0.477,0.884,,0.051,38,,0.269,0.484,,2,0
73,Moses Brown\brownmo01,C,20,POR,9,33,0.4,2,,1,0.8,0.2,0,0,0,,0.4,0.375,0.5,,,,,0.75,,,0.2,1,,,,,0,0
74,Sterling Brown\brownst02,SF,24,MIL,52,767,0.371,16.4,,0.469,0.227,0.125,0.063,0.055,0.531,,0.425,0.569,0.313,0.375,0.143,0.324,,0.471,0.909,,0.023,5,,0.324,0.432,,1,0
75,Troy Brown Jr.\browntr01,SF,20,WAS,69,1782,0.439,13.3,,0.712,0.272,0.195,0.108,0.138,0.288,,0.479,0.68,0.355,0.343,0.36,0.341,,0.528,0.967,,0.035,18,,0.263,0.447,,7,1
76,Jalen Brunson\brunsja01,PG,23,DAL,57,1022,0.466,13.6,,0.691,0.178,0.258,0.139,0.116,0.309,,0.515,0.623,0.5,0.5,0.4,0.358,,0.239,0.814,,0,0,,0.233,0.357,,0,0
77,Thomas Bryant\bryanth01,C,22,WAS,46,1147,0.581,10.8,,0.782,0.411,0.134,0.093,0.144,0.218,,0.63,0.785,0.518,0.462,0.4,0.407,,0.772,0.946,,0.163,67,,0.11,0.4,,0,0
78,Reggie Bullock\bullore01,SG,28,NYK,29,684,0.402,18,,0.504,0.161,0.071,0.076,0.196,0.496,,0.469,0.694,0.188,0.412,0.409,0.333,,0.717,0.973,,0.004,1,,0.27,0.3,,0,0
79,Trey Burke\burketr01,PG,27,TOT,33,520,0.45,15.1,,0.641,0.244,0.11,0.124,0.163,0.359,,0.463,0.549,0.348,0.577,0.324,0.427,,0.323,0.844,,0,0,,0.227,0.471,,2,0
80,Alec Burks\burksal01,SF-SG,28,TOT,66,1754,0.418,15.4,,0.608,0.201,0.164,0.13,0.113,0.392,,0.439,0.565,0.341,0.42,0.379,0.385,,0.424,0.681,,0.013,10,,0.186,0.464,,1,0
81,Deonte Burton\burtode02,SF,26,OKC,39,356,0.344,14.6,,0.576,0.352,0.136,0.024,0.064,0.424,,0.458,0.614,0.235,0,0.25,0.189,,0.727,0.9,,0.04,5,,0.245,0.154,,3,0
82,Jimmy Butler\butleji01,SF,30,MIA,58,1959,0.455,10,,0.843,0.34,0.257,0.15,0.095,0.157,,0.495,0.655,0.426,0.386,0.278,0.244,,0.402,0.552,,0.074,55,,0.193,0.217,,4,0
83,Bruno Caboclo\cabocbr01,C,24,TOT,30,244,0.427,11.8,,0.629,0.427,0.146,0,0.056,0.371,,0.571,0.658,0.385,,0.4,0.182,,0.656,0.833,,0.135,10,,0.424,0.286,,0,0
84,Devontae Cacok\cacokde01,C,23,LAL,1,9,0.5,3.9,,1,0.333,0.667,0,0,0,,0.5,0,0.75,,,,,1,,,0,0,,,,,0,0
85,Kentavious Caldwell-Pope\caldwke01,SG,26,LAL,69,1762,0.467,15.9,,0.529,0.254,0.071,0.091,0.112,0.471,,0.541,0.651,0.528,0.391,0.421,0.385,,0.766,0.924,,0.032,14,,0.397,0.389,,1,0
86,Vlatko Čančar\cancavl01,PF,22,DEN,14,45,0.4,12.9,,0.6,0.4,0.133,0,0.067,0.4,,0.556,0.667,0.5,,0,0.167,,0.6,1,,0.133,2,,0.167,0,,0,0
87,Clint Capela\capelca01,C,25,HOU,39,1279,0.629,2.3,,1,0.76,0.232,0.008,0,0,,0.629,0.722,0.333,0.333,,,,0.803,,,0.327,123,,,,,0,0
88,DeMarre Carroll\carrode01,SF-C,33,TOT,24,290,0.379,15.2,,0.5,0.242,0.167,0.091,0,0.5,,0.515,0.563,0.364,0.667,,0.242,,0.647,0.875,,0,0,,0.364,0.5,,0,0
89,Jevon Carter\carteje01,PG,24,PHO,58,945,0.416,18.6,,0.399,0.152,0.082,0.062,0.103,0.601,,0.402,0.486,0.2,0.4,0.44,0.425,,0.436,0.903,,0.004,1,,0.342,0.46,,2,0
90,Vince Carter\cartevi01,PF,43,ATL,60,876,0.352,20.4,,0.336,0.079,0.082,0.102,0.072,0.664,,0.451,0.417,0.56,0.419,0.409,0.302,,0.457,0.869,,0.007,2,,0.188,0.342,,0,0
91,Wendell Carter Jr.\cartewe01,C,20,CHI,43,1256,0.534,6,,0.915,0.571,0.204,0.096,0.044,0.085,,0.564,0.694,0.286,0.515,0.267,0.207,,0.695,1,,0.236,73,,0.414,0.167,,0,0
92,Michael Carter-Williams\cartemi01,SG,28,ORL,45,833,0.427,10.7,,0.712,0.335,0.277,0.077,0.023,0.288,,0.481,0.586,0.431,0.35,0,0.293,,0.483,0.955,,0.05,11,,0.307,0.261,,0,0
93,Alex Caruso\carusal01,PG,25,LAL,64,1175,0.412,13.7,,0.588,0.326,0.134,0.082,0.045,0.412,,0.468,0.684,0.205,0.167,0.231,0.333,,0.575,0.875,,0.052,12,,0.325,0.308,,0,0
94,Willie Cauley-Stein\caulewi01,C,26,TOT,54,1097,0.579,5.4,,0.997,0.56,0.238,0.093,0.106,0.003,,0.581,0.787,0.389,0.286,0.188,0,,0.789,,,0.295,84,,0,,,0,0
95,Tyson Chandler\chandty01,C,37,HOU,26,219,0.778,1.4,,1,1,0,0,0,0,,0.778,0.778,,,,,,0.857,,,0.611,11,,,,,0,0
96,Wilson Chandler\chandwi01,PF,32,BRK,35,734,0.404,18.8,,0.339,0.098,0.164,0.038,0.038,0.661,,0.597,0.722,0.533,0.286,0.857,0.306,,0.514,1,,0.005,1,,0.256,0.387,,0,0
97,Joe Chealey\chealjo01,PG,24,CHO,4,33,0,16.7,,0.429,0,0.429,0,0,0.571,,0,,0,,,0,,,,,0,0,,0.75,0,,0,0
98,Zylan Cheatham\cheatzy01,PF,24,NOP,4,51,0.667,5.7,,0.889,0.667,0.111,0.111,0,0.111,,0.75,1,0,0,,0,,0.5,,,0.222,2,,0,,,0,0
99,Chris Chiozza\chiozch01,PG,24,TOT,28,401,0.393,16.1,,0.486,0.236,0.136,0.071,0.043,0.514,,0.412,0.485,0.368,0.4,0.167,0.375,,0.214,0.852,,0,0,,0.111,0.625,,0,0
100,Marquese Chriss\chrisma01,PF,22,GSW,59,1196,0.545,5.8,,0.899,0.613,0.223,0.029,0.034,0.101,,0.584,0.674,0.395,0.364,0.385,0.205,,0.743,1,,0.304,99,,0.077,0.667,,1,0
101,Gary Clark\clarkga01,SF-PF,25,TOT,42,567,0.406,21.7,,0.165,0.105,0.038,0.015,0.008,0.835,,0.682,0.786,0.4,0.5,1,0.351,,0.667,1,,0.023,3,,0.288,0.406,,0,0
102,Brandon Clarke\clarkbr01,PF,23,MEM,58,1300,0.618,7.6,,0.866,0.47,0.215,0.148,0.033,0.134,,0.658,0.773,0.524,0.549,0.375,0.359,,0.813,1,,0.167,77,,0.422,0.296,,0,0
103,Jordan Clarkson\clarkjo01,SG,27,TOT,71,1705,0.454,15.3,,0.524,0.194,0.22,0.083,0.027,0.476,,0.533,0.702,0.482,0.333,0.348,0.368,,0.256,0.77,,0.013,10,,0.232,0.396,,1,0
104,Nicolas Claxton\claxtni01,C,20,BRK,15,187,0.563,6.3,,0.854,0.521,0.292,0.021,0.021,0.146,,0.634,0.8,0.357,1,0,0.143,,0.692,1,,0.313,14,,0.571,0,,0,0
105,Chris Clemons\clemoch01,SG,22,HOU,33,291,0.401,21.5,,0.246,0.176,0.021,0.028,0.021,0.754,,0.571,0.6,0.667,0.5,0.333,0.346,,0.3,0.568,,0.028,4,,0.019,0.5,,0,0
106,Antonius Cleveland\clevean01,SG,25,DAL,11,46,0.286,9.6,,0.786,0.429,0.214,0.071,0.071,0.214,,0.364,0.333,0.667,0,0,0,,0.25,,,0,0,,0.333,0,,0,0
107,Amir Coffey\coffeam01,SG,22,LAC,18,159,0.426,12.7,,0.648,0.315,0.148,0.13,0.056,0.352,,0.486,0.588,0.25,0.571,0.333,0.316,,0.471,1,,0.056,3,,0.368,0.571,,0,0
108,John Collins\collijo01,PF,22,ATL,41,1363,0.583,9.4,,0.757,0.469,0.185,0.068,0.035,0.243,,0.642,0.768,0.473,0.293,0.524,0.401,,0.748,0.966,,0.221,117,,0.129,0.368,,1,0
109,Zach Collins\colliza01,PF,22,POR,11,290,0.471,9.8,,0.721,0.441,0.206,0.044,0.029,0.279,,0.51,0.633,0.286,0.333,0.5,0.368,,0.68,1,,0.074,5,,0.316,0.167,,0,0
110,Mike Conley\conlemi01,PG,32,UTA,47,1363,0.409,16.3,,0.549,0.134,0.203,0.138,0.074,0.451,,0.437,0.566,0.391,0.359,0.476,0.375,,0.257,0.625,,0,0,,0.199,0.451,,4,1
111,Pat Connaughton\connapa01,SG,27,MIL,67,1243,0.455,15.9,,0.449,0.349,0.063,0.013,0.023,0.551,,0.607,0.705,0.368,0.25,0,0.331,,0.732,0.945,,0.1,29,,0.114,0.316,,0,0
112,Quinn Cook\cookqu01,PG,26,LAL,44,508,0.425,15.7,,0.603,0.192,0.145,0.089,0.178,0.397,,0.465,0.61,0.29,0.632,0.368,0.365,,0.333,0.774,,0,0,,0.247,0.476,,0,0
113,Tyler Cook\cookty01,PF-SF,22,TOT,13,54,0.667,2.7,,1,0.833,0.083,0.083,0,0,,0.667,0.6,1,1,,,,0.5,,,0.417,2,,,,,0,0
114,Robert Covington\covinro01,PF-C,29,TOT,70,2137,0.422,18.7,,0.336,0.217,0.087,0.012,0.019,0.664,,0.593,0.675,0.429,0.444,0.5,0.335,,0.771,0.925,,0.017,11,,0.131,0.365,,4,0
115,Allen Crabbe\crabbal01,SG-SF,27,TOT,37,653,0.356,20.7,,0.328,0.068,0.085,0.096,0.079,0.672,,0.466,0.75,0.333,0.412,0.429,0.303,,0.667,1,,0.006,1,,0.244,0.414,,2,0
116,Torrey Craig\craigto01,SF,29,DEN,58,1072,0.461,15,,0.487,0.342,0.074,0.041,0.03,0.513,,0.603,0.739,0.3,0.182,0.375,0.326,,0.633,0.956,,0.052,10,,0.341,0.298,,2,0
117,Jamal Crawford\crawfja01,SG,39,BRK,1,6,0.5,24,,0.5,0,0,0,0.5,0.5,,0.5,,,,0.5,0.5,,0,1,,0,0,,0,,,0,0
118,Jae Crowder\crowdja01,SF-PF,29,TOT,65,1875,0.401,19.5,,0.3,0.187,0.044,0.02,0.05,0.7,,0.538,0.648,0.36,0.273,0.393,0.343,,0.648,0.852,,0.007,4,,0.226,0.382,,1,0
119,Jarrett Culver\culveja01,SG,20,MIN,63,1506,0.404,12.1,,0.612,0.38,0.186,0.03,0.016,0.388,,0.471,0.583,0.274,0.412,0.222,0.299,,0.396,0.758,,0.06,31,,0.176,0.205,,1,0
120,Seth Curry\curryse01,SG,29,DAL,64,1576,0.495,18.9,,0.441,0.091,0.129,0.105,0.117,0.559,,0.549,0.712,0.446,0.55,0.537,0.452,,0.424,0.8,,0,0,,0.171,0.436,,1,0
121,Stephen Curry\curryst01,PG,31,GSW,5,139,0.402,19.8,,0.402,0.207,0.061,0.012,0.122,0.598,,0.636,0.706,0.4,1,0.6,0.245,,0.333,0.667,,0,0,,0.122,0.333,,0,0
122,Troy Daniels\danietr01,SG,28,TOT,47,532,0.387,21.5,,0.29,0.054,0.065,0.065,0.108,0.71,,0.481,0.7,0.5,0.5,0.35,0.348,,0.769,0.957,,0,0,,0.28,0.432,,0,0
123,Anthony Davis\davisan02,PF,26,LAL,62,2131,0.503,11.1,,0.801,0.343,0.172,0.155,0.13,0.199,,0.546,0.758,0.413,0.412,0.322,0.33,,0.578,0.986,,0.157,157,,0.17,0.432,,3,0
124,Ed Davis\davised01,C,30,UTA,28,303,0.478,3.2,,1,0.609,0.37,0,0.022,0,,0.478,0.607,0.235,,1,,,0.545,,,0.065,3,,,,,0,0
125,Terence Davis\daviste02,SG,22,TOR,72,1209,0.456,15.8,,0.445,0.305,0.089,0.037,0.014,0.555,,0.541,0.677,0.282,0.188,0.167,0.388,,0.419,0.904,,0.055,17,,0.236,0.474,,1,0
126,Dewayne Dedmon\dedmode01,C,30,TOT,44,774,0.4,13.5,,0.58,0.325,0.153,0.047,0.055,0.42,,0.541,0.675,0.333,0.417,0.429,0.206,,0.738,0.955,,0.11,24,,0.187,0.15,,0,0
127,Matthew Dellavedova\dellama01,PG,29,CLE,57,821,0.354,16.6,,0.48,0.137,0.229,0.103,0.011,0.52,,0.488,0.542,0.4,0.611,0.5,0.231,,0.317,0.905,,0,0,,0.165,0.333,,0,0
128,DeMar DeRozan\derozde01,SF,30,SAS,68,2316,0.531,9.9,,0.967,0.266,0.248,0.263,0.19,0.033,,0.54,0.731,0.488,0.475,0.432,0.257,,0.27,0.889,,0.03,30,,0.286,0.4,,2,0
129,Cheick Diallo\diallch01,C,23,PHO,47,479,0.648,5,,0.979,0.613,0.19,0.099,0.077,0.021,,0.655,0.77,0.444,0.571,0.364,0.333,,0.835,1,,0.155,20,,0.667,0.5,,0,0
130,Hamidou Diallo\diallha01,SF,21,OKC,46,896,0.446,8.4,,0.807,0.47,0.223,0.071,0.044,0.193,,0.485,0.633,0.242,0.333,0.385,0.281,,0.638,0.938,,0.142,35,,0.614,0.343,,0,0
131,Gorgui Dieng\dienggo01,C,30,TOT,63,1096,0.456,14.6,,0.582,0.297,0.102,0.077,0.107,0.418,,0.528,0.676,0.324,0.393,0.41,0.355,,0.723,0.963,,0.085,28,,0.263,0.45,,0,0
132,Spencer Dinwiddie\dinwisp01,PG,26,BRK,64,1994,0.415,13.3,,0.608,0.31,0.191,0.078,0.028,0.392,,0.485,0.637,0.354,0.263,0.31,0.308,,0.176,0.496,,0.014,14,,0.13,0.327,,5,0
133,Donte DiVincenzo\divindo01,SG,23,MIL,66,1520,0.455,15.3,,0.516,0.341,0.084,0.039,0.051,0.484,,0.567,0.655,0.302,0.45,0.5,0.336,,0.537,0.819,,0.031,15,,0.158,0.256,,3,0
134,Luka Dončić\doncilu01,PG,20,DAL,61,2047,0.463,14.5,,0.569,0.26,0.237,0.058,0.014,0.431,,0.574,0.752,0.436,0.37,0.471,0.316,,0.171,0.24,,0.012,14,,0.02,0.273,,9,0
135,Luguentz Dort\dortlu01,SF,20,OKC,36,820,0.394,13.2,,0.537,0.372,0.142,0.023,0,0.463,,0.479,0.605,0.226,0,,0.297,,0.643,1,,0.087,17,,0.396,0.325,,0,0
136,Damyean Dotson\dotsoda01,SG,25,NYK,48,836,0.414,19.6,,0.438,0.128,0.055,0.062,0.193,0.562,,0.48,0.676,0.25,0.389,0.446,0.362,,0.541,0.814,,0,0,,0.153,0.32,,0,0
137,Sekou Doumbouya\doumbse01,PF,19,DET,38,754,0.39,12.9,,0.585,0.326,0.195,0.03,0.034,0.415,,0.464,0.545,0.391,0.286,0.25,0.286,,0.719,0.929,,0.072,15,,0.357,0.286,,0,0
138,PJ Dozier\doziepj01,SG,23,DEN,29,412,0.414,14.5,,0.688,0.197,0.197,0.185,0.108,0.312,,0.444,0.677,0.258,0.414,0.412,0.347,,0.333,0.647,,0.006,1,,0.143,0.143,,3,0
139,Goran Dragić\dragigo01,PG,33,MIA,59,1663,0.441,16.2,,0.533,0.182,0.152,0.106,0.093,0.467,,0.505,0.697,0.391,0.338,0.507,0.367,,0.338,0.653,,0,0,,0.169,0.404,,1,0
140,Andre Drummond\drumman01,C,26,TOT,57,1879,0.533,4.3,,0.955,0.589,0.334,0.027,0.005,0.045,,0.551,0.662,0.393,0.19,0,0.143,,0.574,0.8,,0.136,95,,0.2,0.429,,2,0
141,Jared Dudley\dudleja01,PF,34,LAL,45,364,0.4,19.5,,0.3,0.167,0.067,0,0.067,0.7,,0.333,0.3,0.5,,0.25,0.429,,0.833,1,,0,0,,0.262,0.545,,0,0
142,Kris Dunn\dunnkr01,PG,25,CHI,51,1269,0.444,11.3,,0.673,0.398,0.187,0.056,0.032,0.327,,0.535,0.647,0.438,0.263,0.182,0.259,,0.423,0.966,,0.023,8,,0.259,0.276,,1,0
143,Carsen Edwards\edwarca01,SG,21,BOS,37,351,0.328,19.4,,0.406,0.141,0.07,0.063,0.133,0.594,,0.346,0.389,0,0.25,0.529,0.316,,0.5,0.667,,0.008,0,,0.118,0.111,,0,0
144,Henry Ellenson\ellenhe01,C,23,BRK,5,15,0.143,16,,0.429,0.286,0.143,0,0,0.571,,0.333,0.5,0,,,0,,0,,,0,0,,0.5,0,,0,0
145,Wayne Ellington\ellinwa01,SG,32,NYK,36,558,0.351,23.1,,0.178,0.046,0.029,0.006,0.098,0.822,,0.355,0.75,0,1,0.235,0.35,,0.636,0.94,,0,0,,0.105,0.6,,0,0
146,Joel Embiid\embiijo01,C,25,PHI,51,1506,0.477,12.4,,0.785,0.255,0.195,0.202,0.134,0.215,,0.517,0.725,0.468,0.407,0.355,0.331,,0.452,0.912,,0.061,45,,0.035,0.333,,2,0
147,James Ennis\ennisja01,SF-SG,29,TOT,69,1265,0.446,14,,0.529,0.373,0.089,0.039,0.028,0.471,,0.553,0.649,0.313,0.286,0.4,0.325,,0.667,0.891,,0.075,21,,0.337,0.404,,2,0
148,Drew Eubanks\eubandr01,C,22,SAS,22,272,0.642,5.2,,0.985,0.478,0.403,0.06,0.045,0.015,,0.636,0.75,0.556,0.5,0.333,1,,0.69,1,,0.179,11,,1,1,,0,0
149,Jacob Evans\evansja02,SG,22,TOT,29,418,0.336,16.2,,0.709,0.119,0.104,0.194,0.291,0.291,,0.337,0.375,0.214,0.385,0.333,0.333,,0.625,0.923,,0.007,1,,0.256,0.3,,0,0
150,Dante Exum\exumda01,SG,24,TOT,35,485,0.471,11.4,,0.639,0.378,0.252,0.008,0,0.361,,0.539,0.644,0.367,1,,0.349,,0.268,0.8,,0.067,7,,0.302,0.231,,1,0
151,Tacko Fall\fallta01,C,24,BOS,7,33,0.786,2.7,,1,0.643,0.357,0,0,0,,0.786,0.889,0.6,,,,,0.818,,,0.429,6,,,,,0,0
152,Derrick Favors\favorde01,C,28,NOP,51,1243,0.617,4,,0.979,0.681,0.192,0.074,0.032,0.021,,0.627,0.706,0.462,0.44,0.364,0.143,,0.721,1,,0.177,56,,0.714,0.2,,0,0
153,Cristiano Felício\feliccr01,C,27,CHI,22,386,0.63,3.5,,0.963,0.667,0.222,0.056,0.019,0.037,,0.654,0.75,0.5,0.333,0,0,,0.5,,,0.13,6,,0,,,0,0
154,Terrance Ferguson\fergute01,SF,21,OKC,56,1257,0.355,20.4,,0.236,0.123,0.05,0.014,0.05,0.764,,0.558,0.63,0.364,0.667,0.545,0.292,,0.897,0.98,,0.032,5,,0.411,0.319,,0,0
155,Bruno Fernando\fernabr01,C,21,ATL,56,713,0.518,7,,0.814,0.578,0.186,0.04,0.01,0.186,,0.605,0.713,0.297,0.625,0,0.135,,0.694,1,,0.226,38,,0.405,0.067,,0,0
156,Yogi Ferrell\ferreyo01,PG,26,SAC,50,530,0.42,17.4,,0.58,0.149,0.053,0.186,0.191,0.42,,0.505,0.571,0.2,0.514,0.528,0.304,,0.236,0.667,,0,0,,0.177,0.571,,0,0
157,Dorian Finney-Smith\finnedo01,PF,26,DAL,71,2120,0.466,15.5,,0.42,0.326,0.069,0.006,0.019,0.58,,0.589,0.659,0.361,0.333,0.3,0.376,,0.636,0.965,,0.126,57,,0.492,0.436,,0,0
158,Bryn Forbes\forbebr01,SG,26,SAS,63,1579,0.417,21,,0.344,0.069,0.081,0.048,0.146,0.656,,0.47,0.675,0.404,0.393,0.435,0.388,,0.723,0.932,,0,0,,0.089,0.412,,1,0
159,Evan Fournier\fournev01,SF,27,ORL,66,2076,0.467,16.5,,0.533,0.174,0.147,0.104,0.107,0.467,,0.527,0.691,0.474,0.381,0.475,0.399,,0.437,0.827,,0.003,2,,0.143,0.532,,0,0
160,De'Aaron Fox\foxde01,PG,22,SAC,51,1634,0.48,10.8,,0.773,0.312,0.266,0.135,0.06,0.227,,0.535,0.665,0.452,0.391,0.551,0.292,,0.145,0.611,,0.036,23,,0.135,0.16,,2,0
161,Melvin Frazier\frazime01,SG,23,ORL,19,126,0.441,15.6,,0.529,0.206,0.118,0.118,0.088,0.471,,0.389,0.714,0,0.25,0.333,0.5,,0.714,0.75,,0.029,1,,0.375,0.667,,0,0
162,Michael Frazier\frazimi01,SG,25,HOU,13,145,0.241,20.3,,0.207,0.172,0.034,0,0,0.793,,0.5,0.6,0,,,0.174,,1,1,,0.034,1,,0.304,0.429,,0,0
163,Tim Frazier\fraziti01,PG,29,DET,27,355,0.362,15.2,,0.681,0.149,0.213,0.106,0.213,0.319,,0.375,0.571,0.35,0.3,0.3,0.333,,0.292,0.7,,0,0,,0.167,0.6,,0,0
164,Markelle Fultz\fultzma01,PG,21,ORL,72,1996,0.465,10.9,,0.825,0.335,0.194,0.194,0.101,0.175,,0.507,0.645,0.42,0.38,0.462,0.267,,0.3,0.833,,0.036,22,,0.133,0.333,,8,1
165,Wenyen Gabriel\gabriwe01,PF,22,TOT,30,235,0.438,12,,0.583,0.417,0.146,0.021,0,0.417,,0.536,0.7,0,1,,0.3,,0.533,1,,0.167,7,,0.35,0.571,,0,0
166,Daniel Gafford\gaffoda01,C,21,CHI,43,609,0.701,1.8,,1,0.828,0.164,0.007,0,0,,0.701,0.766,0.409,0,,,,0.702,,,0.455,54,,,,,0,0
167,Danilo Gallinari\gallida01,PF,31,OKC,62,1834,0.438,18.5,,0.463,0.152,0.097,0.081,0.133,0.537,,0.476,0.645,0.278,0.424,0.459,0.405,,0.494,0.86,,0.044,31,,0.098,0.372,,1,0
168,Langston Galloway\gallola01,SG,28,DET,66,1702,0.435,18.6,,0.389,0.109,0.137,0.076,0.068,0.611,,0.493,0.678,0.392,0.439,0.459,0.399,,0.712,0.992,,0.002,1,,0.381,0.54,,1,0
169,Darius Garland\garlada01,SG,20,CLE,59,1824,0.401,16,,0.577,0.18,0.153,0.149,0.094,0.423,,0.434,0.468,0.439,0.423,0.379,0.355,,0.28,0.733,,0,0,,0.182,0.389,,0,0
170,Marc Gasol\gasolma01,C,35,TOR,44,1161,0.427,17.3,,0.47,0.125,0.179,0.115,0.05,0.53,,0.473,0.629,0.54,0.375,0.071,0.385,,0.661,1,,0.032,8,,0.095,0.429,,0,0
171,Rudy Gay\gayru01,PF,33,SAS,67,1461,0.446,15.3,,0.631,0.168,0.156,0.193,0.114,0.369,,0.511,0.72,0.366,0.47,0.471,0.336,,0.49,0.851,,0.047,23,,0.268,0.288,,1,0
172,Paul George\georgpa01,SF,29,LAC,48,1419,0.439,17.4,,0.513,0.15,0.125,0.113,0.125,0.487,,0.464,0.684,0.357,0.409,0.357,0.412,,0.339,0.65,,0.02,15,,0.181,0.565,,2,0
173,Taj Gibson\gibsota01,C,34,NYK,62,1025,0.584,6.7,,0.951,0.577,0.136,0.08,0.157,0.049,,0.599,0.703,0.436,0.478,0.422,0.286,,0.724,1,,0.14,34,,0.571,0.25,,0,0
174,Harry Giles\gilesha01,C,21,SAC,46,667,0.554,7.6,,0.992,0.402,0.259,0.167,0.163,0.008,,0.558,0.802,0.369,0.429,0.39,0,,0.748,,,0.171,38,,0.5,0,,0,0
175,Shai Gilgeous-Alexander\gilgesh01,SG,21,OKC,70,2428,0.471,11.4,,0.753,0.286,0.263,0.136,0.068,0.247,,0.512,0.617,0.404,0.5,0.507,0.347,,0.235,0.54,,0.019,19,,0.127,0.438,,0,0
176,Rudy Gobert\goberru01,C,27,UTA,68,2333,0.693,2.1,,1,0.837,0.158,0.005,0,0,,0.693,0.755,0.386,0,,,,0.749,,,0.425,221,,,,,0,0
177,Brandon Goodwin\goodwbr01,PG,24,ATL,34,430,0.4,15.8,,0.542,0.205,0.184,0.116,0.037,0.458,,0.485,0.641,0.371,0.409,0.429,0.299,,0.28,0.615,,0,0,,0.184,0.125,,2,0
178,Aaron Gordon\gordoaa01,PF,24,ORL,62,2017,0.437,12.9,,0.691,0.326,0.126,0.15,0.089,0.309,,0.494,0.704,0.361,0.348,0.162,0.308,,0.5,0.89,,0.124,88,,0.177,0.333,,6,0
179,Eric Gordon\gordoer01,SF,31,HOU,36,1016,0.369,19,,0.346,0.201,0.112,0.019,0.013,0.654,,0.469,0.559,0.385,0.333,0,0.317,,0.533,0.802,,0.011,5,,0.079,0.208,,2,0
180,Devonte' Graham\grahade01,PG,24,CHO,63,2211,0.382,19.4,,0.393,0.132,0.11,0.074,0.077,0.607,,0.397,0.543,0.274,0.352,0.365,0.373,,0.307,0.546,,0.004,4,,0.063,0.432,,3,0
181,Treveon Graham\grahatr01,SF,26,TOT,55,929,0.36,14.6,,0.504,0.256,0.211,0.029,0.008,0.496,,0.443,0.484,0.392,0.571,0,0.275,,0.63,0.97,,0.004,1,,0.292,0.229,,1,0
182,Jerami Grant\grantje01,PF,25,DEN,71,1892,0.478,13.5,,0.603,0.306,0.164,0.069,0.063,0.397,,0.537,0.686,0.413,0.409,0.275,0.389,,0.766,1,,0.109,63,,0.294,0.338,,1,0
183,Jerian Grant\grantje02,SG,27,WAS,6,80,0.37,12.5,,0.704,0.259,0.259,0.111,0.074,0.296,,0.421,0.571,0.286,0.333,0.5,0.25,,0.75,1,,0,0,,0.125,0,,0,0
184,Josh Gray\grayjo01,PG,26,NOP,2,23,0.5,1.7,,1,1,0,0,0,0,,0.5,0.5,,,,,,0,,,0,0,,,,,0,0
185,Danny Green\greenda02,SG,32,LAL,68,1687,0.416,19.4,,0.31,0.135,0.074,0.055,0.046,0.69,,0.524,0.672,0.486,0.462,0.227,0.367,,0.675,0.975,,0.013,5,,0.391,0.398,,0,0
186,Draymond Green\greendr01,PF,29,GSW,43,1222,0.389,15,,0.592,0.231,0.184,0.092,0.085,0.408,,0.465,0.685,0.31,0.414,0.259,0.279,,0.724,1,,0.019,6,,0.093,0.333,,0,0
187,JaMychal Green\greenja01,PF,29,LAC,63,1307,0.429,18.4,,0.324,0.205,0.085,0.014,0.02,0.676,,0.518,0.611,0.333,0.6,0.286,0.387,,0.576,1,,0.04,12,,0.231,0.4,,0,0
188,Javonte Green\greenja02,SG,26,BOS,48,468,0.5,9.2,,0.738,0.468,0.23,0.032,0.008,0.262,,0.581,0.661,0.414,0.5,1,0.273,,0.63,1,,0.175,18,,0.364,0.333,,1,0
189,Jeff Green\greenje02,PF-C,33,TOT,48,960,0.462,16,,0.468,0.265,0.16,0.026,0.017,0.532,,0.602,0.747,0.436,0.333,0.333,0.339,,0.67,0.952,,0.09,27,,0.388,0.38,,7,0
190,Blake Griffin\griffbl01,PF,30,DET,18,512,0.352,13.8,,0.556,0.276,0.212,0.036,0.032,0.444,,0.439,0.565,0.358,0.222,0.125,0.243,,0.393,0.593,,0.02,5,,0.216,0.167,,0,0
191,Marko Guduric\gudurma01,SG,24,MEM,44,484,0.395,16.4,,0.471,0.242,0.108,0.032,0.089,0.529,,0.5,0.605,0.412,0.2,0.429,0.301,,0.568,0.96,,0.006,1,,0.241,0.3,,0,0
192,Kyle Guy\guyky01,SG,22,SAC,3,10,0.4,19.9,,0.4,0.2,0,0,0.2,0.6,,1,1,,,1,0,,1,,,0,0,,0.333,0,,0,0
193,Rui Hachimura\hachiru01,PF,21,WAS,48,1444,0.466,10.5,,0.84,0.343,0.196,0.16,0.141,0.16,,0.5,0.684,0.327,0.379,0.429,0.287,,0.629,1,,0.086,45,,0.253,0.318,,3,0
194,Devon Hall\hallde01,PG,24,OKC,11,81,0.2,17.7,,0.433,0.133,0.167,0.1,0.033,0.567,,0.154,0.5,0,0,0,0.235,,0.5,0.75,,0,0,,0.176,0,,0,0
195,Donta Hall\halldo01,C-PF,22,TOT,9,133,0.682,3,,1,0.818,0.136,0.045,0,0,,0.682,0.722,0.667,0,,,,0.867,,,0.318,6,,,,,0,0
196,Dusty Hannahs\hannadu01,SG,26,MEM,2,13,0.444,14.4,,0.667,0.111,0.444,0,0.111,0.333,,0.333,1,0.25,,0,0.667,,0.5,0.5,,0,0,,0,,,0,0
197,Tim Hardaway Jr.\hardati02,SG,27,DAL,71,2091,0.434,18.6,,0.42,0.131,0.11,0.08,0.098,0.58,,0.485,0.612,0.351,0.507,0.448,0.398,,0.517,0.838,,0.023,17,,0.24,0.447,,3,0
198,James Harden\hardeja01,SG,30,HOU,68,2483,0.444,16.6,,0.443,0.243,0.177,0.018,0.005,0.557,,0.556,0.668,0.414,0.444,0.5,0.355,,0.139,0.171,,0.015,20,,0.045,0.342,,1,0
199,Maurice Harkless\harklma01,PF-SF,26,TOT,62,1427,0.502,10.4,,0.654,0.519,0.095,0.014,0.025,0.346,,0.584,0.667,0.222,0.5,0.286,0.347,,0.639,0.912,,0.205,49,,0.551,0.37,,0,0
200,Jared Harper\harpeja01,PG,22,PHO,3,8,0.25,16.2,,0.5,0,0.5,0,0,0.5,,0.5,,0.5,,,0,,0,,,0,0,,0,,,0,0
201,Montrezl Harrell\harremo01,C,26,LAC,63,1749,0.58,4.2,,0.978,0.61,0.305,0.046,0.017,0.022,,0.593,0.705,0.44,0.297,0.143,0,,0.618,,,0.172,134,,0,,,6,0
202,Gary Harris\harriga01,SG,25,DEN,56,1780,0.42,13.9,,0.595,0.291,0.148,0.081,0.075,0.405,,0.479,0.649,0.234,0.286,0.513,0.333,,0.757,0.9,,0.05,25,,0.295,0.484,,1,0
203,Joe Harris\harrijo01,SF,28,BRK,69,2123,0.486,15.5,,0.482,0.29,0.111,0.029,0.052,0.518,,0.553,0.652,0.356,0.478,0.463,0.424,,0.766,0.959,,0.003,2,,0.17,0.507,,0,0
204,Tobias Harris\harrito02,PF,27,PHI,72,2469,0.471,13.2,,0.696,0.229,0.214,0.157,0.095,0.304,,0.517,0.662,0.482,0.467,0.33,0.367,,0.479,0.863,,0.049,52,,0.19,0.441,,0,0
205,Shaquille Harrison\harrish01,SG,26,CHI,43,484,0.467,9.1,,0.745,0.515,0.17,0.048,0.012,0.255,,0.496,0.576,0.286,0.5,0,0.381,,0.508,0.813,,0.03,5,,0.381,0.313,,2,0
206,Josh Hart\hartjo01,SF,24,NOP,65,1755,0.423,18.2,,0.335,0.211,0.073,0.038,0.013,0.665,,0.584,0.688,0.538,0.25,0.143,0.342,,0.462,0.967,,0.008,4,,0.277,0.418,,0,0
207,Isaiah Hartenstein\harteis01,C,21,HOU,23,266,0.657,4.2,,0.925,0.716,0.179,0.03,0,0.075,,0.71,0.792,0.417,0.5,,0,,0.818,,,0.179,12,,0.2,0,,0,0
208,Udonis Haslem\hasleud01,C,39,MIA,4,44,0.364,10.4,,0.727,0.364,0.273,0,0.091,0.273,,0.375,0.25,0.667,,0,0.333,,1,1,,0.091,0,,0,,,0,0
209,Jaxson Hayes\hayesja02,C,19,NOP,64,1080,0.672,2.8,,0.985,0.838,0.124,0.023,0,0.015,,0.678,0.751,0.25,0.333,,0.25,,0.809,1,,0.432,101,,0.25,1,,3,0
210,Gordon Hayward\haywago01,SF,29,BOS,52,1740,0.5,14,,0.683,0.213,0.186,0.171,0.113,0.317,,0.554,0.752,0.446,0.492,0.456,0.383,,0.487,0.835,,0.04,27,,0.216,0.396,,1,0
211,John Henson\hensojo01,C,29,TOT,40,600,0.556,8.2,,0.789,0.462,0.31,0.006,0.012,0.211,,0.644,0.785,0.453,1,0,0.222,,0.77,1,,0.175,29,,0.278,0.3,,1,0
212,Dewan Hernandez\hernade01,C,23,TOR,6,28,0.357,5.9,,0.857,0.643,0.214,0,0,0.143,,0.333,0.222,0.667,,,0.5,,0.25,1,,0,0,,0,,,0,0
213,Juan Hernangómez\hernaju01,PF,24,TOT,48,833,0.405,14.7,,0.478,0.352,0.097,0.02,0.008,0.522,,0.475,0.575,0.167,0.4,0,0.341,,0.679,0.977,,0.077,16,,0.217,0.357,,1,0
214,Willy Hernangómez\hernawi01,C,25,CHO,31,375,0.532,7.3,,0.842,0.489,0.273,0.058,0.022,0.158,,0.59,0.706,0.447,0.375,0.333,0.227,,0.58,1,,0.115,14,,0.136,0.333,,0,0
215,Tyler Herro\herroty01,SG,20,MIA,55,1508,0.428,18,,0.528,0.122,0.106,0.116,0.184,0.472,,0.462,0.584,0.433,0.425,0.422,0.389,,0.474,0.784,,0.005,3,,0.151,0.467,,2,0
216,Kevin Hervey\herveke01,PF,23,OKC,10,52,0.259,22.2,,0.259,0.074,0.037,0.037,0.111,0.741,,0.571,1,0,0,0.667,0.15,,0.5,0.667,,0,0,,0.1,0.5,,0,0
217,Mario Hezonja\hezonma01,PF,24,POR,53,871,0.422,13.1,,0.642,0.33,0.165,0.078,0.069,0.358,,0.486,0.5,0.528,0.471,0.333,0.308,,0.441,0.917,,0.046,8,,0.167,0.154,,1,0
218,Buddy Hield\hieldbu01,SG,27,SAC,72,2216,0.429,19.1,,0.408,0.13,0.078,0.082,0.118,0.592,,0.479,0.675,0.352,0.4,0.401,0.394,,0.396,0.723,,0.015,16,,0.172,0.483,,0,0
219,George Hill\hillge01,PG,33,MIL,59,1271,0.516,15,,0.532,0.301,0.112,0.059,0.061,0.468,,0.565,0.761,0.214,0.364,0.435,0.46,,0.469,0.642,,0.029,11,,0.233,0.512,,1,0
220,Solomon Hill\hillso01,PF,28,TOT,59,1088,0.396,18.2,,0.385,0.147,0.147,0.032,0.058,0.615,,0.439,0.463,0.415,0.333,0.5,0.368,,0.553,0.921,,0.018,4,,0.246,0.452,,0,0
221,Jaylen Hoard\hoardja01,PF,20,POR,13,103,0.469,5.6,,0.906,0.625,0.156,0.094,0.031,0.094,,0.517,0.75,0,0,0,0,,0.467,,,0.031,1,,0,,,0,0
222,Aaron Holiday\holidaa01,PG,23,IND,66,1617,0.414,15.1,,0.607,0.215,0.178,0.11,0.105,0.393,,0.427,0.57,0.33,0.323,0.407,0.394,,0.288,0.839,,0.005,2,,0.167,0.432,,1,0
223,Jrue Holiday\holidjr01,SG,29,NOP,61,2117,0.455,12.1,,0.656,0.337,0.214,0.07,0.036,0.344,,0.509,0.628,0.372,0.486,0.25,0.353,,0.31,0.574,,0.026,22,,0.147,0.431,,2,0
224,Justin Holiday\holidju01,SF,30,IND,73,1826,0.428,19.6,,0.319,0.16,0.047,0.045,0.066,0.681,,0.477,0.59,0.261,0.364,0.438,0.405,,0.77,0.978,,0.047,18,,0.39,0.403,,3,0
225,Rondae Hollis-Jefferson\holliro01,PF,25,TOR,60,1122,0.471,4.8,,0.93,0.657,0.191,0.061,0.021,0.07,,0.497,0.569,0.302,0.45,0.143,0.13,,0.645,1,,0.091,26,,0.565,0,,1,0
226,Richaun Holmes\holmeri01,C,26,SAC,44,1242,0.648,4.6,,1,0.57,0.27,0.137,0.023,0,,0.648,0.75,0.473,0.638,0.25,,,0.744,,,0.233,75,,,,,0,0
227,Rodney Hood\hoodro01,SF,27,POR,21,619,0.506,16.2,,0.587,0.116,0.163,0.186,0.122,0.413,,0.515,0.8,0.286,0.5,0.571,0.493,,0.308,0.886,,0.023,4,,0.366,0.538,,0,0
228,Al Horford\horfoal01,C,33,PHI,67,2025,0.45,15.4,,0.601,0.189,0.178,0.111,0.123,0.399,,0.516,0.746,0.381,0.456,0.414,0.35,,0.614,0.98,,0.037,24,,0.127,0.278,,0,0
229,Talen Horton-Tucker\hortota01,SG,19,LAL,6,81,0.467,13.1,,0.567,0.3,0.233,0.033,0,0.433,,0.588,0.778,0.429,0,,0.308,,0.6,1,,0.067,1,,0.308,0.25,,0,0
230,Danuel House\houseda01,SF,26,HOU,63,1913,0.427,17.6,,0.341,0.243,0.065,0.024,0.009,0.659,,0.549,0.679,0.2,0.308,0.2,0.363,,0.733,0.946,,0.072,31,,0.414,0.354,,2,0
231,Dwight Howard\howardw01,C,34,LAL,69,1306,0.729,2.5,,0.982,0.794,0.181,0,0.007,0.018,,0.732,0.814,0.38,,0.5,0.6,,0.618,1,,0.448,116,,0.2,0,,0,0
232,William Howard\howarwi01,PF,26,HOU,2,13,0,25.3,,0,0,0,0,0,1,,,,,,,0,,,,,0,0,,0.25,0,,0,0
233,Kevin Huerter\huertke01,SG,21,ATL,56,1760,0.413,18.1,,0.452,0.139,0.118,0.121,0.074,0.548,,0.453,0.576,0.417,0.419,0.333,0.38,,0.392,0.85,,0.018,10,,0.165,0.455,,1,0
234,De'Andre Hunter\huntede01,SF,22,ATL,63,2018,0.41,15.6,,0.555,0.225,0.133,0.085,0.111,0.445,,0.454,0.591,0.297,0.379,0.421,0.355,,0.564,0.944,,0.037,19,,0.336,0.363,,1,0
235,Chandler Hutchison\hutchch01,SF,23,CHI,28,527,0.457,8,,0.783,0.509,0.229,0.04,0.006,0.217,,0.496,0.607,0.3,0.286,0,0.316,,0.618,1,,0.137,20,,0.553,0.381,,0,0
236,Serge Ibaka\ibakase01,C,30,TOR,55,1485,0.512,12.4,,0.728,0.24,0.264,0.11,0.113,0.272,,0.559,0.764,0.492,0.459,0.382,0.385,,0.799,1,,0.09,55,,0.11,0.25,,0,0
237,Andre Iguodala\iguodan01,SF,36,MIA,21,418,0.432,16.4,,0.466,0.261,0.068,0.068,0.068,0.534,,0.585,0.739,0.333,0.167,0.667,0.298,,0.667,0.929,,0.08,7,,0.468,0.318,,1,0
238,Ersan İlyasova\ilyaser01,PF,32,MIL,63,986,0.466,14.1,,0.562,0.3,0.163,0.061,0.038,0.438,,0.545,0.649,0.373,0.474,0.583,0.365,,0.802,0.98,,0.01,3,,0.234,0.313,,0,0
239,Joe Ingles\inglejo01,PF,32,UTA,72,2137,0.445,18.3,,0.362,0.13,0.156,0.056,0.02,0.638,,0.525,0.736,0.384,0.484,0.364,0.399,,0.371,0.652,,0.004,2,,0.21,0.365,,1,0
240,Brandon Ingram\ingrabr01,PF,22,NOP,62,2104,0.463,14.2,,0.65,0.248,0.128,0.167,0.107,0.35,,0.501,0.654,0.371,0.421,0.427,0.391,,0.317,0.887,,0.058,56,,0.26,0.44,,2,0
241,Kyrie Irving\irvinky01,PG,27,BRK,20,658,0.478,14.6,,0.659,0.19,0.173,0.195,0.101,0.341,,0.522,0.671,0.444,0.506,0.405,0.394,,0.203,0.357,,0,0,,0.099,0.5,,0,0
242,Jonathan Isaac\isaacjo01,PF,22,ORL,34,980,0.47,12.1,,0.717,0.361,0.099,0.151,0.105,0.283,,0.521,0.667,0.364,0.36,0.4,0.34,,0.597,0.938,,0.136,37,,0.245,0.391,,0,0
243,Wesley Iwundu\iwundwe01,SF,25,ORL,52,953,0.416,14.3,,0.648,0.24,0.146,0.116,0.146,0.352,,0.457,0.643,0.353,0.333,0.353,0.341,,0.551,0.75,,0.052,10,,0.329,0.37,,0,0
244,Frank Jackson\jacksfr01,PG,21,NOP,59,797,0.405,15,,0.565,0.233,0.16,0.106,0.066,0.435,,0.465,0.558,0.377,0.486,0.318,0.326,,0.494,0.894,,0.012,4,,0.368,0.377,,2,0
245,Jaren Jackson Jr.\jacksja02,C,20,MEM,57,1622,0.469,14.9,,0.511,0.236,0.232,0.031,0.012,0.489,,0.54,0.708,0.406,0.391,0.222,0.394,,0.644,0.924,,0.08,56,,0.19,0.4,,1,0
246,Josh Jackson\jacksjo02,SF,22,MEM,22,381,0.44,14.2,,0.547,0.258,0.208,0.044,0.038,0.453,,0.54,0.78,0.333,0.143,0.5,0.319,,0.511,0.957,,0.063,9,,0.319,0.348,,1,0
247,Justin Jackson\jacksju01,PF,24,DAL,65,1045,0.396,15.4,,0.522,0.199,0.196,0.111,0.015,0.478,,0.489,0.559,0.507,0.342,0.4,0.294,,0.816,0.938,,0.006,2,,0.233,0.289,,0,0
248,Reggie Jackson\jacksre01,SG-PG,29,TOT,31,743,0.411,15.5,,0.555,0.175,0.227,0.101,0.052,0.445,,0.425,0.561,0.378,0.333,0.353,0.393,,0.156,0.667,,0.009,3,,0.193,0.464,,1,0
249,Justin James\jamesju01,SF,23,SAC,36,232,0.417,14.1,,0.655,0.226,0.19,0.119,0.119,0.345,,0.473,0.737,0.313,0.5,0.2,0.31,,0.731,0.889,,0.131,9,,0.31,0.444,,1,0
250,LeBron James\jamesle01,PG,35,LAL,67,2316,0.493,12.9,,0.674,0.365,0.139,0.073,0.097,0.326,,0.564,0.727,0.409,0.337,0.341,0.348,,0.234,0.473,,0.062,79,,0.061,0.5,,1,0
251,Amile Jefferson\jeffeam01,PF,26,ORL,18,74,0.357,6.1,,1,0.286,0.5,0.143,0.071,0,,0.357,0.25,0.429,0.5,0,,,0.4,,,0,0,,,,,0,0
252,DaQuan Jeffries\jeffrda01,SG,22,SAC,13,141,0.5,14.2,,0.55,0.25,0.225,0.025,0.05,0.45,,0.682,0.9,0.556,1,0,0.278,,0.8,1,,0.15,6,,0.444,0.25,,0,0
253,Ty Jerome\jeromty01,SG,22,PHO,31,328,0.336,16.1,,0.558,0.133,0.23,0.15,0.044,0.442,,0.381,0.533,0.308,0.353,0.4,0.28,,0.25,0.857,,0,0,,0.22,0.273,,1,0
254,Alize Johnson\johnsal02,PF,23,IND,17,118,0.414,9.5,,0.724,0.448,0.207,0.069,0,0.276,,0.429,0.615,0.167,0,,0.375,,0.667,1,,0.034,1,,0.5,0.5,,0,0
255,B.J. Johnson\johnsbj01,SF,24,ORL,10,83,0.281,14.2,,0.719,0.219,0.125,0.125,0.25,0.281,,0.261,0.571,0,0.25,0.125,0.333,,0.167,0.667,,0.094,3,,0.333,0.333,,0,0
256,Cameron Johnson\johnsca02,PF,23,PHO,57,1255,0.435,18.7,,0.328,0.188,0.044,0.054,0.042,0.672,,0.526,0.711,0.167,0.364,0.294,0.39,,0.743,0.991,,0.04,16,,0.397,0.417,,1,0
257,James Johnson\johnsja01,PF-C,32,TOT,32,619,0.479,13.2,,0.577,0.372,0.153,0.042,0.009,0.423,,0.565,0.713,0.303,0.222,0.5,0.363,,0.457,0.879,,0.07,12,,0.176,0.313,,2,0
258,Keldon Johnson\johnske04,SF,20,SAS,17,301,0.596,10.1,,0.753,0.427,0.191,0.079,0.056,0.247,,0.597,0.711,0.471,0.286,0.6,0.591,,0.625,1,,0.022,2,,0.682,0.533,,1,0
259,Stanley Johnson\johnsst04,PF,23,TOR,25,150,0.373,14.2,,0.593,0.305,0.169,0.051,0.068,0.407,,0.429,0.611,0.3,0,0.25,0.292,,0.133,0.429,,0,0,,0.333,0,,1,0
260,Tyler Johnson\johnsty01,PG-SG,27,TOT,39,709,0.388,17.9,,0.524,0.144,0.112,0.092,0.176,0.476,,0.45,0.556,0.286,0.478,0.455,0.319,,0.627,0.947,,0,0,,0.151,0.389,,1,0
261,Nikola Jokić\jokicni01,C,24,DEN,73,2336,0.528,12,,0.762,0.237,0.275,0.143,0.107,0.238,,0.594,0.724,0.599,0.49,0.435,0.314,,0.511,0.85,,0.014,15,,0.039,0.5,,4,0
262,Damian Jones\jonesda03,C,24,ATL,55,887,0.68,3.3,,0.949,0.815,0.107,0.006,0.022,0.051,,0.704,0.759,0.421,0,0.25,0.222,,0.824,1,,0.534,85,,0.778,0.286,,0,0
263,Derrick Jones Jr.\jonesde02,SF,22,MIA,59,1375,0.527,11.2,,0.622,0.49,0.112,0.011,0.009,0.378,,0.677,0.737,0.487,0.25,0.333,0.28,,0.776,0.973,,0.275,84,,0.538,0.225,,5,0
264,Tyus Jones\jonesty01,PG,23,MEM,65,1232,0.459,13.6,,0.711,0.175,0.242,0.198,0.096,0.289,,0.492,0.653,0.423,0.435,0.488,0.379,,0.387,0.745,,0,0,,0.177,0.5,,0,0
265,DeAndre Jordan\jordade01,C,31,BRK,56,1234,0.666,1.8,,1,0.836,0.15,0.007,0.007,0,,0.666,0.729,0.349,0,0.5,,,0.743,,,0.463,113,,,,,0,0
266,Cory Joseph\josepco01,PG,28,SAC,72,1759,0.415,15.4,,0.614,0.158,0.201,0.131,0.124,0.386,,0.455,0.677,0.41,0.315,0.392,0.352,,0.217,0.893,,0,0,,0.245,0.436,,1,0
267,Mfiondu Kabengele\kabenmf01,C,22,LAC,12,64,0.438,18,,0.375,0.188,0.125,0.063,0,0.625,,0.417,0.833,0,0,,0.45,,0.8,0.778,,0.125,4,,0.2,0.75,,0,0
268,Frank Kaminsky\kaminfr01,C,26,PHO,39,777,0.45,13.4,,0.596,0.293,0.195,0.065,0.042,0.404,,0.53,0.6,0.55,0.35,0.231,0.331,,0.68,1,,0.052,13,,0.056,0.429,,0,0
269,Enes Kanter\kanteen01,C,27,BOS,58,983,0.572,3.6,,0.98,0.661,0.27,0.017,0.032,0.02,,0.581,0.639,0.479,0.167,0.455,0.143,,0.47,1,,0.04,11,,0.143,0,,0,0
270,Luke Kennard\kennalu01,SG,23,DET,28,922,0.442,18.2,,0.465,0.126,0.117,0.111,0.111,0.535,,0.491,0.721,0.425,0.342,0.447,0.399,,0.474,0.808,,0.003,1,,0.186,0.353,,0,0
271,Stanton Kidd\kiddst01,SG,27,UTA,4,15,0,11.6,,0.667,0,0.667,0,0,0.333,,0,,0,,,0,,,,,0,0,,0,,,0,0
272,Michael Kidd-Gilchrist\kiddgmi01,PF,26,TOT,25,281,0.333,12.7,,0.697,0.212,0.333,0.045,0.106,0.303,,0.37,0.5,0.364,0.333,0.143,0.25,,0.706,1,,0,0,,0.3,0.333,,0,0
273,Louis King\kinglo02,SF,20,DET,10,62,0.381,16.4,,0.476,0.143,0.19,0.143,0,0.524,,0.4,0.333,0.75,0,,0.364,,0,1,,0.048,1,,0.364,0.75,,0,0
274,Maxi Kleber\klebima01,PF,28,DAL,74,1890,0.461,16.7,,0.379,0.276,0.066,0.027,0.01,0.621,,0.605,0.669,0.471,0.357,0.4,0.373,,0.831,1,,0.107,51,,0.379,0.38,,0,0
275,Brandon Knight\knighbr03,SG-PG,28,TOT,25,462,0.353,22.1,,0.216,0.066,0.066,0.078,0.006,0.784,,0.389,0.364,0.273,0.538,0,0.344,,0.143,0.533,,0,0,,0.107,0.357,,0,0
276,Kevin Knox\knoxke01,SF,20,NYK,65,1166,0.359,16.6,,0.504,0.195,0.125,0.082,0.102,0.496,,0.391,0.564,0.26,0.333,0.268,0.327,,0.506,0.923,,0.045,13,,0.241,0.271,,1,0
277,John Konchar\konchjo01,SG,23,MEM,19,181,0.649,8.5,,0.73,0.541,0.135,0.054,0,0.27,,0.704,0.75,0.6,0.5,,0.5,,0.684,0.6,,0.108,2,,0.4,0,,0,0
278,Furkan Korkmaz\korkmfu01,SG,22,PHI,72,1559,0.43,19.2,,0.368,0.11,0.123,0.078,0.057,0.632,,0.478,0.677,0.377,0.432,0.375,0.402,,0.727,0.972,,0.018,10,,0.213,0.487,,1,0
279,Luke Kornet\kornelu01,C,24,CHI,36,559,0.439,16.1,,0.422,0.289,0.102,0.021,0.011,0.578,,0.646,0.741,0.474,0.5,0,0.287,,0.863,1,,0.134,23,,0.213,0.174,,0,0
280,Kyle Korver\korveky01,SF,38,MIL,58,960,0.43,23.4,,0.191,0.038,0.017,0.031,0.106,0.809,,0.482,0.455,0.2,0.556,0.516,0.418,,0.778,0.97,,0,0,,0.236,0.429,,0,0
281,Rodions Kurucs\kurucro01,PF,21,BRK,47,684,0.446,14.3,,0.492,0.35,0.124,0.011,0.006,0.508,,0.529,0.645,0.273,0,0,0.367,,0.804,0.97,,0.09,14,,0.178,0.438,,0,0
282,Kyle Kuzma\kuzmaky01,PF,24,LAL,61,1526,0.436,15.2,,0.593,0.193,0.226,0.078,0.096,0.407,,0.518,0.783,0.411,0.385,0.344,0.316,,0.605,0.93,,0.036,22,,0.232,0.54,,2,0
283,Skal Labissière\labissk01,C,23,POR,33,567,0.551,8.3,,0.912,0.374,0.279,0.177,0.082,0.088,,0.582,0.673,0.463,0.615,0.5,0.231,,0.731,1,,0.197,27,,0.154,0,,0,0
284,Jeremy Lamb\lambje01,SG,27,IND,46,1291,0.451,15.1,,0.67,0.194,0.146,0.146,0.184,0.33,,0.508,0.624,0.457,0.543,0.398,0.335,,0.368,0.755,,0.01,5,,0.165,0.346,,1,0
285,Romeo Langford\langfro01,SG,20,BOS,32,370,0.35,11.5,,0.663,0.338,0.275,0.038,0.013,0.338,,0.434,0.556,0.273,0.667,0,0.185,,0.478,1,,0.05,3,,0.444,0.25,,1,0
286,Zach LaVine\lavinza01,SG,24,CHI,60,2085,0.45,13.9,,0.596,0.374,0.083,0.048,0.093,0.404,,0.497,0.623,0.182,0.228,0.405,0.38,,0.406,0.549,,0.077,88,,0.167,0.481,,2,0
287,Vic Law\lawvi01,PF,24,ORL,8,62,0.333,19,,0.611,0.111,0.167,0.111,0.222,0.389,,0.455,0,0.667,1,0.25,0.143,,0.2,1,,0.056,0,,0.143,0,,1,0
288,Jake Layman\laymaja01,SF,25,MIN,23,505,0.453,13.3,,0.598,0.352,0.14,0.039,0.067,0.402,,0.533,0.635,0.28,0.571,0.5,0.333,,0.789,0.917,,0.073,12,,0.208,0.333,,0,0
289,T.J. Leaf\leaftj01,PF,22,IND,28,222,0.419,8.6,,0.791,0.5,0.209,0.07,0.012,0.209,,0.456,0.581,0.278,0.167,0,0.278,,0.581,1,,0.093,8,,0.222,0.5,,0,0
290,Jalen Lecque\lecquja01,SG,19,PHO,5,32,0.4,13.4,,0.6,0.4,0,0.1,0.1,0.4,,0.667,0.75,,1,0,0,,0.25,,,0.1,1,,0.5,0,,0,0
291,Courtney Lee\leeco01,SG,34,DAL,24,345,0.488,17.3,,0.427,0.171,0.134,0.024,0.098,0.573,,0.543,0.714,0.545,0,0.375,0.447,,0.421,0.857,,0.024,2,,0.383,0.444,,0,0
292,Damion Lee\leeda03,SG,27,GSW,49,1423,0.417,16.9,,0.532,0.145,0.151,0.139,0.098,0.468,,0.471,0.662,0.403,0.465,0.3,0.356,,0.766,0.953,,0.01,4,,0.218,0.385,,1,0
293,Alex Len\lenal01,C,26,TOT,55,970,0.555,7.3,,0.815,0.555,0.197,0.056,0.006,0.185,,0.619,0.695,0.492,0.333,0.5,0.271,,0.727,1,,0.257,72,,0.458,0.37,,0,0
294,Kawhi Leonard\leonaka01,SF,28,LAC,57,1848,0.47,14.6,,0.713,0.167,0.174,0.226,0.147,0.287,,0.506,0.698,0.452,0.445,0.446,0.378,,0.284,0.626,,0.059,59,,0.052,0.412,,0,0
295,Meyers Leonard\leoname01,C,27,MIA,51,1034,0.509,16.3,,0.453,0.235,0.141,0.06,0.017,0.547,,0.623,0.818,0.515,0.143,0.5,0.414,,0.833,0.943,,0.158,29,,0.148,0.368,,0,0
296,Caris LeVert\leverca01,SG,25,BRK,45,1330,0.425,12.5,,0.699,0.239,0.253,0.16,0.048,0.301,,0.451,0.606,0.341,0.427,0.343,0.364,,0.247,0.463,,0.02,15,,0.086,0.368,,0,0
297,Damian Lillard\lillada01,PG,29,POR,66,2474,0.463,16.8,,0.5,0.295,0.079,0.062,0.064,0.5,,0.524,0.618,0.311,0.405,0.471,0.401,,0.099,0.289,,0.014,16,,0.036,0.417,,3,0
298,Nassir Little\littlna01,PF,19,POR,48,573,0.43,11.6,,0.609,0.397,0.166,0.033,0.013,0.391,,0.554,0.667,0.4,0.2,0,0.237,,0.686,1,,0.139,18,,0.407,0.167,,0,0
299,Kevon Looney\looneke01,C,23,GSW,20,262,0.367,9.8,,0.823,0.38,0.253,0.063,0.127,0.177,,0.431,0.7,0.2,0.4,0.1,0.071,,0.5,1,,0.051,4,,0.429,0.167,,1,0
300,Brook Lopez\lopezbr01,C,31,MIL,68,1817,0.435,15.6,,0.516,0.227,0.183,0.091,0.015,0.484,,0.549,0.697,0.423,0.459,0.4,0.314,,0.668,0.99,,0.069,43,,0.215,0.329,,0,0
301,Robin Lopez\lopezro01,C,31,MIL,66,958,0.492,11.8,,0.649,0.254,0.351,0.037,0.007,0.351,,0.577,0.684,0.486,0.636,1,0.333,,0.58,1,,0.04,10,,0.524,0.364,,0,0
302,Kevin Love\loveke01,PF,31,CLE,56,1780,0.45,18.3,,0.464,0.133,0.116,0.111,0.103,0.536,,0.537,0.66,0.393,0.605,0.467,0.374,,0.586,0.932,,0.007,3,,0.141,0.455,,0,0
303,Kyle Lowry\lowryky01,PG,33,TOR,58,2098,0.416,18.2,,0.42,0.213,0.093,0.044,0.07,0.58,,0.504,0.643,0.347,0.4,0.357,0.352,,0.235,0.543,,0,0,,0.088,0.317,,5,0
304,Timothé Luwawu-Cabarrot\luwawti01,SF,24,BRK,47,853,0.435,16.4,,0.405,0.279,0.082,0.022,0.022,0.595,,0.505,0.587,0.273,0.333,0.5,0.388,,0.6,1,,0.007,2,,0.406,0.446,,1,0
305,Trey Lyles\lylestr01,PF,24,SAS,63,1271,0.446,15.4,,0.51,0.265,0.108,0.07,0.067,0.49,,0.503,0.637,0.27,0.542,0.304,0.387,,0.75,1,,0.061,19,,0.274,0.457,,0,0
306,Daryl Macon\maconda01,PG,24,MIA,4,14,0.333,22.5,,0.333,0,0,0,0.333,0.667,,0,,,,0,0.5,,,1,,0,0,,0.5,1,,0,0
307,J.P. Macura\macurjp01,SG,24,CLE,1,1,,,,,,,,,,,,,,,,,,,,,,0,,,,,0,0
308,Josh Magette\magetjo01,PG,30,ORL,8,38,0.333,15,,0.733,0.067,0.267,0.2,0.2,0.267,,0.364,1,0.5,0.333,0,0.25,,0,1,,0,0,,0,,,0,0
309,Ian Mahinmi\mahinia01,C,33,WAS,38,808,0.495,6.7,,0.876,0.481,0.352,0.029,0.014,0.124,,0.538,0.683,0.351,0.333,0.667,0.192,,0.677,1,,0.157,27,,0.154,0.25,,1,0
310,Thon Maker\makerth01,C,22,DET,60,776,0.482,12,,0.668,0.332,0.223,0.057,0.057,0.332,,0.55,0.734,0.349,0.455,0.364,0.344,,0.761,0.955,,0.155,27,,0.469,0.333,,1,0
311,Terance Mann\mannte01,SF,23,LAC,41,362,0.468,10,,0.747,0.367,0.228,0.127,0.025,0.253,,0.508,0.69,0.389,0.3,0,0.35,,0.333,0.714,,0.051,4,,0.55,0.273,,0,0
312,Boban Marjanović\marjabo01,C,31,DAL,44,422,0.573,6.6,,0.919,0.46,0.318,0.1,0.043,0.081,,0.603,0.825,0.388,0.333,0.444,0.235,,0.521,1,,0.128,24,,0.059,1,,0,0
313,Lauri Markkanen\markkla01,PF,22,CHI,50,1492,0.425,15.5,,0.464,0.274,0.149,0.027,0.014,0.536,,0.518,0.648,0.341,0.313,0.25,0.344,,0.535,0.991,,0.096,47,,0.142,0.422,,2,0
314,Caleb Martin\martica02,SF,24,CHO,18,317,0.44,14.4,,0.56,0.393,0.06,0,0.107,0.44,,0.362,0.424,0.2,,0.222,0.541,,0.588,1,,0.06,3,,0.189,0.571,,0,0
315,Cody Martin\martico01,SF,24,CHO,48,903,0.43,12,,0.628,0.44,0.101,0.019,0.068,0.372,,0.546,0.681,0.238,0,0.286,0.234,,0.535,0.944,,0.101,16,,0.364,0.214,,0,0
316,Jeremiah Martin\martije02,PG,23,BRK,9,99,0.453,12.8,,0.66,0.34,0.17,0.094,0.057,0.34,,0.543,0.722,0.444,0.4,0,0.278,,0.211,0.6,,0,0,,0.111,0,,0,0
317,Kelan Martin\martike03,SF,24,MIN,31,495,0.392,16.5,,0.47,0.182,0.16,0.088,0.039,0.53,,0.541,0.727,0.414,0.625,0,0.26,,0.696,0.84,,0.022,3,,0.396,0.316,,1,1
318,Frank Mason III\masonfr01,PG,25,MIL,9,118,0.451,14.2,,0.588,0.275,0.196,0.039,0.078,0.412,,0.567,0.643,0.4,1,0.5,0.286,,0.235,0.667,,0,0,,0.19,0.25,,0,0
319,Garrison Mathews\mathega01,SG,23,WAS,18,227,0.429,23.7,,0.179,0.018,0.054,0.054,0.054,0.821,,0.5,1,0.333,0.333,0.667,0.413,,0.6,0.947,,0,0,,0.239,0.455,,0,0
320,Wesley Matthews\matthwe02,SG,33,MIL,67,1635,0.396,19.9,,0.296,0.13,0.081,0.052,0.033,0.704,,0.472,0.691,0.235,0.409,0.286,0.364,,0.61,0.935,,0.005,2,,0.276,0.415,,0,0
321,Luc Mbah a Moute\mbahalu01,PF,33,HOU,3,25,0.4,12.2,,0.6,0.6,0,0,0,0.4,,0.667,0.667,,,,0,,0,,,0,0,,0,,,0,0
322,Patrick McCaw\mccawpa01,SF,24,TOR,37,908,0.414,13.7,,0.562,0.315,0.142,0.062,0.043,0.438,,0.484,0.549,0.348,0.4,0.571,0.324,,0.568,1,,0.006,1,,0.479,0.324,,0,0
323,CJ McCollum\mccolcj01,SG,28,POR,70,2556,0.451,15.5,,0.622,0.172,0.161,0.15,0.139,0.378,,0.494,0.597,0.381,0.49,0.503,0.379,,0.223,0.665,,0.004,3,,0.146,0.547,,0,0
324,T.J. McConnell\mccontj01,PG,27,IND,71,1326,0.516,8.7,,0.959,0.326,0.243,0.282,0.107,0.041,,0.525,0.604,0.57,0.483,0.295,0.294,,0.232,1,,0,0,,0.353,0.167,,1,0
325,Jalen McDaniels\mcdanja01,SF,22,CHO,16,293,0.471,11.6,,0.657,0.357,0.214,0.071,0.014,0.343,,0.522,0.6,0.4,0.4,1,0.375,,0.5,1,,0.057,4,,0.583,0.429,,1,0
326,Doug McDermott\mcderdo01,PF,28,IND,69,1372,0.488,16.8,,0.463,0.258,0.086,0.038,0.08,0.537,,0.549,0.681,0.511,0.286,0.295,0.435,,0.856,1,,0.027,11,,0.241,0.437,,0,0
327,JaVale McGee\mcgeeja01,C,32,LAL,68,1130,0.637,3.6,,0.98,0.686,0.239,0.049,0.007,0.02,,0.64,0.743,0.384,0.467,0.5,0.5,,0.719,0.667,,0.392,112,,0,,,1,0
328,Rodney McGruder\mcgruro01,SG,28,LAC,56,871,0.398,14.8,,0.508,0.204,0.232,0.066,0.006,0.492,,0.522,0.676,0.429,0.417,0,0.27,,0.729,1,,0.017,3,,0.472,0.214,,0,0
329,Alfonzo McKinnie\mckinal01,SF,27,CLE,40,593,0.427,12.2,,0.62,0.363,0.181,0.041,0.035,0.38,,0.557,0.694,0.387,0.571,0,0.215,,0.678,1,,0.07,10,,0.446,0.276,,0,0
330,Jordan McLaughlin\mclaujo01,PG,23,MIN,30,590,0.489,13.4,,0.573,0.365,0.185,0.017,0.006,0.427,,0.569,0.646,0.394,1,0,0.382,,0.328,0.759,,0.045,7,,0.118,0.444,,4,0
331,Ben McLemore\mclembe01,SF,26,HOU,71,1619,0.444,21.5,,0.171,0.136,0.031,0.004,0,0.829,,0.656,0.743,0.235,1,,0.4,,0.869,0.967,,0.04,20,,0.294,0.466,,2,0
332,Jordan McRae\mcraejo01,SG,28,TOT,37,784,0.407,15,,0.656,0.194,0.169,0.148,0.145,0.344,,0.433,0.62,0.355,0.333,0.377,0.357,,0.394,0.689,,0.03,10,,0.183,0.478,,2,0
333,Nicolò Melli\mellini01,C,29,NOP,60,1042,0.421,19.2,,0.362,0.152,0.099,0.065,0.046,0.638,,0.573,0.755,0.406,0.476,0.467,0.335,,0.612,1,,0.043,13,,0.233,0.313,,2,0
334,De'Anthony Melton\meltode01,PG,21,MEM,60,1167,0.401,13.9,,0.651,0.274,0.177,0.077,0.122,0.349,,0.464,0.627,0.394,0.323,0.286,0.286,,0.529,0.875,,0.055,20,,0.164,0.391,,2,0
335,Chimezie Metu\metuch01,C,22,SAS,18,105,0.571,9,,0.952,0.405,0.238,0.095,0.214,0.048,,0.6,0.765,0.5,0.5,0.444,0,,0.708,,,0.238,9,,0,,,0,0
336,Khris Middleton\middlkh01,SF,28,MIL,62,1853,0.497,16.6,,0.626,0.127,0.129,0.199,0.172,0.374,,0.546,0.7,0.451,0.505,0.552,0.415,,0.377,0.701,,0.012,11,,0.15,0.472,,2,0
337,Eric Mika\mikaer01,C,25,SAC,1,19,0.667,5.6,,1,0.667,0,0.333,0,0,,0.667,0.5,,1,,,,1,,,0.333,1,,,,,0,0
338,C.J. Miles\milescj01,SF,32,WAS,10,161,0.322,18,,0.407,0.169,0.153,0.017,0.068,0.593,,0.333,0.5,0.222,0,0.25,0.314,,0.75,0.909,,0.017,1,,0.2,0.286,,0,0
339,Malcolm Miller\millema01,SF,26,TOR,28,162,0.414,20,,0.241,0.103,0.103,0,0.034,0.759,,0.571,0.667,0.333,,1,0.364,,0.5,1,,0,0,,0.227,0.6,,0,0
340,Patty Mills\millspa02,PG,31,SAS,66,1485,0.431,20.4,,0.326,0.117,0.042,0.04,0.127,0.674,,0.533,0.686,0.52,0.375,0.447,0.382,,0.51,0.779,,0,0,,0.208,0.452,,3,0
341,Paul Millsap\millspa01,PF,34,DEN,51,1240,0.482,10.8,,0.717,0.34,0.247,0.098,0.032,0.283,,0.5,0.671,0.315,0.419,0.357,0.435,,0.631,1,,0.05,19,,0.274,0.441,,0,0
342,Shake Milton\miltosh01,SG,23,PHI,40,805,0.484,15.7,,0.513,0.22,0.155,0.108,0.029,0.487,,0.535,0.672,0.442,0.433,0.375,0.43,,0.382,0.879,,0.007,2,,0.207,0.429,,0,0
343,Donovan Mitchell\mitchdo01,SG,23,UTA,69,2364,0.449,14.8,,0.648,0.169,0.229,0.134,0.115,0.352,,0.494,0.626,0.414,0.489,0.465,0.366,,0.217,0.595,,0.025,26,,0.127,0.4,,5,0
344,Naz Mitrou-Long\mitrona01,SG,26,IND,5,47,0.353,21.9,,0.294,0.059,0.059,0.176,0,0.706,,0.8,1,0,1,,0.167,,0.25,1,,0,0,,0.167,0.5,,1,0
345,Adam Mokoka\mokokad01,SF,21,CHI,11,112,0.429,14.2,,0.464,0.429,0,0,0.036,0.536,,0.462,0.5,,,0,0.4,,0.667,1,,0,0,,0.533,0.375,,0,0
346,Malik Monk\monkma01,SG,21,CHO,55,1169,0.434,14,,0.582,0.287,0.203,0.061,0.031,0.418,,0.542,0.671,0.424,0.4,0.4,0.284,,0.526,0.862,,0.059,27,,0.162,0.273,,5,0
347,Matt Mooney\moonema01,SG,22,CLE,4,19,0.25,18.8,,0.5,0,0,0.25,0.25,0.5,,0.5,,,1,0,0,,1,,,0,0,,0.5,0,,0,0
348,E'Twaun Moore\mooreet01,SG,30,NOP,56,1020,0.426,14.4,,0.618,0.167,0.243,0.13,0.078,0.382,,0.456,0.685,0.443,0.263,0.324,0.377,,0.455,0.952,,0.011,4,,0.329,0.382,,0,0
349,Ja Morant\moranja01,PG,20,MEM,67,2074,0.477,9.5,,0.809,0.396,0.248,0.126,0.039,0.191,,0.511,0.606,0.409,0.466,0.324,0.335,,0.282,0.55,,0.067,49,,0.101,0.5,,4,0
350,Juwan Morgan\morgaju01,PF,22,UTA,21,134,0.577,8.8,,0.692,0.654,0.038,0,0,0.308,,0.667,0.647,1,,,0.375,,0.583,1,,0.038,0,,0.5,0.25,,0,0
351,Marcus Morris\morrima03,SF-PF,30,TOT,62,1936,0.438,17.7,,0.57,0.089,0.128,0.172,0.181,0.43,,0.461,0.583,0.356,0.504,0.435,0.408,,0.366,0.789,,0.004,3,,0.221,0.442,,4,0
352,Markieff Morris\morrima02,PF,30,TOT,58,1187,0.443,16.1,,0.502,0.194,0.151,0.127,0.031,0.498,,0.5,0.674,0.42,0.328,0.5,0.386,,0.635,0.977,,0.048,20,,0.298,0.382,,4,0
353,Monte Morris\morrimo01,PG,24,DEN,73,1636,0.459,14,,0.696,0.193,0.187,0.171,0.145,0.304,,0.495,0.716,0.33,0.381,0.549,0.378,,0.369,0.862,,0.002,1,,0.366,0.429,,0,0
354,Johnathan Motley\motlejo01,PF,24,LAC,13,41,0.733,3.8,,0.933,0.733,0.2,0,0,0.067,,0.714,0.909,0,,,1,,0.7,1,,0.2,3,,0,,,0,0
355,Emmanuel Mudiay\mudiaem01,PG,23,UTA,54,850,0.462,12.5,,0.734,0.266,0.18,0.223,0.064,0.266,,0.504,0.586,0.441,0.466,0.476,0.345,,0.273,0.7,,0.021,4,,0.276,0.292,,1,0
356,Mychal Mulder\muldemy01,SF,25,GSW,7,204,0.388,21.2,,0.224,0.09,0.09,0.015,0.03,0.776,,0.667,0.667,0.667,0,1,0.308,,1,1,,0,0,,0.269,0.571,,0,0
357,Dejounte Murray\murrade01,PG,23,SAS,66,1687,0.462,11.5,,0.826,0.284,0.171,0.199,0.171,0.174,,0.481,0.591,0.33,0.496,0.431,0.369,,0.281,0.976,,0.033,19,,0.369,0.39,,0,0
358,Jamal Murray\murraja01,PG,22,DEN,59,1904,0.456,15.5,,0.638,0.188,0.135,0.139,0.176,0.362,,0.519,0.667,0.43,0.468,0.471,0.346,,0.47,0.67,,0.037,29,,0.093,0.4,,3,0
359,Džanan Musa\musadz01,SF,20,BRK,40,487,0.372,13.5,,0.547,0.36,0.145,0.041,0,0.453,,0.479,0.548,0.32,0.429,,0.244,,0.556,0.895,,0,0,,0.141,0.273,,0,0
360,Mike Muscala\muscami01,C,28,OKC,47,572,0.407,20.9,,0.243,0.138,0.021,0.069,0.016,0.757,,0.5,0.654,0.25,0.154,1,0.378,,0.783,1,,0.016,3,,0.168,0.375,,0,0
361,Sviatoslav Mykhailiuk\mykhasv01,SF,22,DET,56,1265,0.41,19.5,,0.296,0.173,0.094,0.017,0.012,0.704,,0.425,0.571,0.184,0.286,0.4,0.404,,0.529,0.939,,0.025,9,,0.218,0.419,,3,1
362,Abdel Nader\naderab01,SF,26,OKC,55,867,0.468,14.8,,0.513,0.255,0.179,0.049,0.03,0.487,,0.556,0.716,0.404,0.462,0.25,0.375,,0.653,0.979,,0.034,9,,0.328,0.429,,0,0
363,Larry Nance Jr.\nancela02,PF,27,CLE,56,1472,0.531,12.5,,0.631,0.394,0.109,0.074,0.053,0.369,,0.636,0.753,0.447,0.375,0.522,0.352,,0.613,0.982,,0.188,73,,0.27,0.419,,2,0
364,Shabazz Napier\napiesh01,PG,28,TOT,56,1344,0.412,17.2,,0.474,0.219,0.077,0.094,0.083,0.526,,0.519,0.69,0.257,0.349,0.5,0.317,,0.205,0.539,,0,0,,0.108,0.154,,0,0
365,Raul Neto\netora01,PG,27,PHI,54,668,0.455,13.8,,0.604,0.306,0.158,0.099,0.041,0.396,,0.5,0.647,0.343,0.273,0.556,0.386,,0.284,0.824,,0,0,,0.125,0.545,,2,0
366,Malik Newman\newmama01,SG,22,CLE,1,4,0,22,,0.5,0,0,0,0.5,0.5,,0,,,,0,0,,,,,0,0,,0,,,0,0
367,Georges Niang\niangge01,PF,26,UTA,66,923,0.438,19.1,,0.301,0.106,0.134,0.05,0.012,0.699,,0.526,0.765,0.442,0.375,0,0.4,,0.412,0.989,,0.003,1,,0.369,0.458,,0,0
368,Joakim Noah\noahjo01,C,34,LAC,5,50,0.5,2.5,,1,0.5,0.5,0,0,0,,0.5,0.5,0.5,,,,,1,,,0,0,,,,,0,0
369,Nerlens Noel\noelne01,C,25,OKC,61,1127,0.684,5.1,,0.989,0.613,0.186,0.134,0.056,0.011,,0.688,0.861,0.54,0.278,0.267,0.333,,0.831,1,,0.442,112,,0.333,1,,1,0
370,Zach Norvell\norveza01,SG,22,TOT,5,41,0.25,22.5,,0.333,0,0.083,0.083,0.167,0.667,,0,,0,0,0,0.375,,,1,,0,0,,0.125,0,,0,0
371,Jaylen Nowell\nowelja01,SG,20,MIN,15,151,0.358,14.4,,0.509,0.283,0.17,0.038,0.019,0.491,,0.593,0.6,0.556,0.5,1,0.115,,0.563,0.667,,0.057,3,,0.308,0.125,,0,0
372,Frank Ntilikina\ntilila01,PG,21,NYK,57,1187,0.393,16.6,,0.589,0.201,0.078,0.117,0.192,0.411,,0.444,0.567,0.346,0.282,0.453,0.321,,0.264,0.795,,0.027,5,,0.182,0.48,,1,0
373,Kendrick Nunn\nunnke01,PG,24,MIA,67,1962,0.439,15.8,,0.572,0.201,0.141,0.109,0.12,0.428,,0.505,0.636,0.38,0.48,0.455,0.35,,0.371,0.752,,0.027,21,,0.228,0.337,,1,0
374,Jusuf Nurkić\nurkiju01,C,25,POR,8,253,0.495,6.3,,0.908,0.495,0.303,0.073,0.037,0.092,,0.525,0.685,0.394,0.125,0.25,0.2,,0.75,1,,0.138,15,,0.1,0,,0,0
375,David Nwaba\nwabada01,SF,27,BRK,20,268,0.521,11.5,,0.606,0.408,0.183,0.014,0,0.394,,0.581,0.655,0.462,0,,0.429,,0.64,1,,0.07,5,,0.464,0.462,,0,0
376,Royce O'Neale\onealro01,SF,26,UTA,71,2049,0.433,18.6,,0.332,0.203,0.101,0.008,0.019,0.668,,0.545,0.635,0.432,0,0.429,0.377,,0.848,1,,0.047,14,,0.32,0.436,,4,0
377,Kyle O'Quinn\oquinky01,C,29,PHI,29,313,0.494,12.8,,0.682,0.376,0.071,0.118,0.118,0.318,,0.603,0.656,0.667,0.4,0.6,0.259,,0.686,0.857,,0.047,4,,0.148,0,,0,0
378,Semi Ojeleye\ojelese01,PF,25,BOS,69,1011,0.408,18.4,,0.352,0.138,0.143,0.02,0.051,0.648,,0.464,0.556,0.393,0,0.6,0.378,,0.625,0.958,,0.041,6,,0.409,0.462,,0,0
379,Jahlil Okafor\okafoja01,C,24,NOP,30,467,0.623,3.9,,0.981,0.586,0.346,0.037,0.006,0.019,,0.629,0.779,0.411,0.333,0,0.333,,0.55,1,,0.13,18,,0.333,0,,0,0
380,Elie Okobo\okoboel01,PG,22,PHO,55,719,0.398,13.5,,0.608,0.315,0.127,0.133,0.033,0.392,,0.427,0.579,0.261,0.292,0.167,0.352,,0.468,0.8,,0.006,1,,0.183,0.385,,1,0
381,Josh Okogie\okogijo01,SG,21,MIN,62,1547,0.427,11.7,,0.613,0.405,0.176,0.03,0.003,0.387,,0.529,0.64,0.329,0.25,0,0.266,,0.55,0.927,,0.085,30,,0.299,0.348,,0,0
382,KZ Okpala\okpalkz01,PF,20,MIA,5,26,0.6,7.5,,0.8,0.4,0.4,0,0,0.2,,0.75,1,0.5,,,0,,0.333,,,0.4,2,,1,0,,0,0
383,Victor Oladipo\oladivi01,SG,27,IND,19,528,0.394,16.6,,0.577,0.24,0.073,0.13,0.134,0.423,,0.451,0.441,0.556,0.438,0.424,0.317,,0.422,0.455,,0.016,3,,0.096,0.2,,0,0
384,Kelly Olynyk\olynyke01,C,28,MIA,67,1300,0.462,17.6,,0.412,0.221,0.098,0.055,0.038,0.588,,0.543,0.693,0.359,0.455,0.267,0.406,,0.697,0.947,,0.023,9,,0.197,0.391,,1,0
385,Miye Oni\onimi01,SF,22,UTA,10,109,0.375,17.2,,0.406,0.188,0.125,0.063,0.031,0.594,,0.385,0.5,0.25,0,1,0.368,,0.8,1,,0.125,3,,0.316,0.167,,0,0
386,Cedi Osman\osmande01,SF,24,CLE,65,1910,0.437,15.8,,0.473,0.269,0.125,0.057,0.021,0.527,,0.497,0.604,0.355,0.371,0.308,0.383,,0.545,0.894,,0.007,4,,0.221,0.38,,2,0
387,Kelly Oubre Jr.\oubreke01,SF,24,PHO,56,1933,0.452,12.7,,0.628,0.334,0.166,0.082,0.046,0.372,,0.511,0.587,0.387,0.426,0.553,0.352,,0.574,0.954,,0.103,71,,0.283,0.333,,1,0
388,Tariq Owens\owensta01,PF,24,PHO,3,15,0.2,14.5,,0.6,0.2,0.2,0,0.2,0.4,,0.333,1,0,,0,0,,0,,,0,0,,0.5,0,,0,0
389,Jeremy Pargo\pargoje01,PG,33,GSW,3,44,0.5,14,,0.682,0.273,0.136,0.136,0.136,0.318,,0.533,0.833,0,0.667,0.333,0.429,,0,0.667,,0,0,,0,,,0,0
390,Jabari Parker\parkeja01,PF,24,TOT,38,917,0.51,10.4,,0.723,0.438,0.175,0.058,0.051,0.277,,0.603,0.729,0.467,0.36,0.273,0.269,,0.594,0.969,,0.198,79,,0.319,0.316,,2,0
391,Chandler Parsons\parsoch01,PF,31,ATL,5,54,0.278,22.3,,0.222,0.056,0.111,0,0.056,0.778,,0.25,0,0.5,,0,0.286,,0,1,,0,0,,0.143,0.5,,0,0
392,Eric Paschall\pascher01,PF,23,GSW,60,1654,0.497,11.2,,0.798,0.33,0.22,0.1,0.148,0.202,,0.55,0.725,0.411,0.422,0.453,0.287,,0.569,0.973,,0.111,66,,0.256,0.303,,2,0
393,Anžejs Pasečņiks\pasecan01,C,24,WAS,27,437,0.526,5.7,,0.974,0.474,0.353,0.103,0.043,0.026,,0.54,0.745,0.415,0.167,0.2,0,,0.639,,,0.078,8,,0,,,0,0
394,Patrick Patterson\pattepa01,PF,30,LAC,59,776,0.408,20.1,,0.262,0.124,0.064,0.039,0.034,0.738,,0.459,0.552,0.467,0.333,0.25,0.39,,0.786,1,,0.039,7,,0.413,0.423,,1,0
395,Justin Patton\pattoju01,C,22,OKC,5,24,0.4,13.5,,0.6,0.2,0.3,0,0.1,0.4,,0.5,0.5,0.667,,0,0.25,,1,1,,0.1,1,,0.5,0,,0,0
396,Chris Paul\paulch01,PG,34,OKC,70,2208,0.489,17.1,,0.657,0.069,0.122,0.303,0.163,0.343,,0.554,0.852,0.509,0.517,0.531,0.365,,0.124,0.324,,0,0,,0.102,0.355,,11,0
397,Cameron Payne\payneca01,SG,25,PHO,8,183,0.485,16,,0.574,0.191,0.132,0.147,0.103,0.426,,0.462,0.538,0.556,0.4,0.286,0.517,,0.056,0.8,,0,0,,0.172,0.4,,0,0
398,Elfrid Payton\paytoel01,PG,25,NYK,45,1246,0.439,8.7,,0.843,0.407,0.268,0.105,0.064,0.157,,0.482,0.575,0.407,0.348,0.429,0.203,,0.212,0.857,,0.02,9,,0.159,0.273,,0,0
399,Gary Payton II\paytoga02,SF,27,WAS,29,432,0.414,11.7,,0.603,0.431,0.129,0.034,0.009,0.397,,0.5,0.64,0.067,0.25,1,0.283,,0.629,1,,0.095,10,,0.391,0.278,,0,0
400,Norvel Pelle\pelleno01,C,26,PHI,24,232,0.521,2.7,,0.979,0.813,0.146,0.021,0,0.021,,0.532,0.564,0.429,0,,0,,0.68,,,0.292,11,,1,0,,0,0
401,Theo Pinson\pinsoth01,SG,24,BRK,33,365,0.29,15.9,,0.484,0.348,0.09,0.032,0.013,0.516,,0.4,0.481,0.143,0,1,0.188,,0.167,0.667,,0.026,2,,0.05,0,,3,0
402,Mason Plumlee\plumlma01,C,29,DEN,61,1057,0.615,3.8,,0.983,0.677,0.229,0.059,0.017,0.017,,0.625,0.779,0.333,0.176,0,0,,0.723,,,0.326,86,,0.4,0,,1,0
403,Jakob Poeltl\poeltja01,C,24,SAS,66,1171,0.624,3.4,,1,0.658,0.267,0.075,0,0,,0.624,0.674,0.507,0.6,,,,0.753,,,0.105,26,,,,,0,0
404,Vincent Poirier\poirivi01,C,26,BOS,22,130,0.472,8,,0.944,0.444,0.222,0.139,0.139,0.056,,0.471,0.563,0.5,0,0.6,0.5,,0.688,1,,0.167,6,,0,,,0,0
405,Shamorie Ponds\pondssh01,PG,21,TOR,4,11,0.6,11.4,,0.6,0.6,0,0,0,0.4,,0.667,0.667,,,,0.5,,0.5,1,,0,0,,0,,,0,0
406,Jordan Poole\poolejo01,SG,20,GSW,57,1274,0.333,19.1,,0.472,0.129,0.094,0.086,0.163,0.528,,0.392,0.523,0.426,0.349,0.293,0.279,,0.462,0.851,,0.006,3,,0.113,0.367,,2,0
407,Kevin Porter Jr.\porteke02,SF,19,CLE,50,1162,0.442,14,,0.625,0.295,0.121,0.105,0.105,0.375,,0.506,0.718,0.353,0.295,0.295,0.335,,0.444,0.755,,0.088,36,,0.196,0.419,,1,0
408,Michael Porter Jr.\portemi01,SF,21,DEN,55,903,0.509,13.6,,0.616,0.337,0.115,0.057,0.107,0.384,,0.564,0.721,0.318,0.318,0.463,0.422,,0.632,0.839,,0.097,31,,0.259,0.421,,1,0
409,Otto Porter\porteot01,SF,26,CHI,14,331,0.443,16.2,,0.557,0.164,0.193,0.086,0.114,0.443,,0.487,0.391,0.704,0.333,0.375,0.387,,0.342,0.917,,0.007,1,,0.226,0.429,,1,0
410,Bobby Portis\portibo01,PF,24,NYK,66,1393,0.45,13.9,,0.683,0.212,0.211,0.114,0.146,0.317,,0.493,0.616,0.484,0.388,0.407,0.358,,0.566,0.985,,0.029,15,,0.193,0.417,,0,0
411,Kristaps Porziņģis\porzikr01,C,24,DAL,57,1814,0.427,16.4,,0.568,0.191,0.124,0.18,0.072,0.432,,0.484,0.725,0.302,0.387,0.403,0.352,,0.727,0.972,,0.094,78,,0.04,0.375,,2,0
412,Dwight Powell\poweldw01,C,28,DAL,40,1061,0.638,6.1,,0.83,0.677,0.135,0.013,0.004,0.17,,0.716,0.813,0.323,0,0,0.256,,0.809,1,,0.279,57,,0.308,0.333,,0,0
413,Norman Powell\powelno01,SG,26,TOR,52,1479,0.495,14.2,,0.543,0.331,0.137,0.032,0.043,0.457,,0.575,0.662,0.451,0.368,0.462,0.399,,0.668,0.954,,0.055,30,,0.311,0.435,,3,0
414,Taurean Prince\princta02,PF,25,BRK,64,1857,0.376,17.5,,0.417,0.188,0.112,0.074,0.042,0.583,,0.429,0.54,0.313,0.345,0.387,0.339,,0.576,0.877,,0.02,14,,0.309,0.331,,4,0
415,Chasson Randle\randlch01,PG,26,GSW,3,40,0,19.8,,0.5,0,0,0.25,0.25,0.5,,0,,,0,0,0,,,,,0,0,,0,,,0,0
416,Julius Randle\randlju01,PF,25,NYK,64,2080,0.46,10.5,,0.77,0.358,0.235,0.097,0.081,0.23,,0.515,0.631,0.424,0.439,0.358,0.277,,0.404,0.938,,0.056,51,,0.169,0.385,,0,0
417,Josh Reaves\reavejo02,SF,22,DAL,4,28,0.333,8.4,,0.778,0.556,0,0.222,0,0.222,,0.429,0.6,,0,,0,,1,,,0.111,1,,0.5,0,,0,0
418,Cam Reddish\reddica01,SF,20,ATL,58,1551,0.384,15.4,,0.549,0.227,0.134,0.085,0.103,0.451,,0.428,0.54,0.365,0.319,0.351,0.332,,0.508,0.867,,0.056,17,,0.284,0.338,,0,0
419,J.J. Redick\redicjj01,SG,35,NOP,60,1581,0.453,21.1,,0.371,0.067,0.055,0.06,0.189,0.629,,0.453,0.595,0.343,0.368,0.462,0.453,,0.811,0.933,,0,0,,0.139,0.527,,0,0
420,Naz Reid\reidna01,C,20,MIN,30,495,0.412,12.2,,0.601,0.379,0.198,0.025,0,0.399,,0.466,0.598,0.25,0.167,,0.33,,0.603,0.938,,0.062,12,,0.155,0.467,,0,0
421,Josh Richardson\richajo01,SG,26,PHI,55,1693,0.43,16.1,,0.615,0.166,0.142,0.144,0.163,0.385,,0.486,0.636,0.38,0.344,0.552,0.341,,0.43,0.812,,0.025,15,,0.12,0.367,,0,0
422,Austin Rivers\riverau01,SG,27,HOU,68,1594,0.421,15.5,,0.461,0.273,0.158,0.024,0.006,0.539,,0.498,0.584,0.392,0.167,0.667,0.356,,0.27,0.708,,0.004,2,,0.207,0.411,,0,0
423,Andre Roberson\roberan03,SF,28,OKC,7,87,0.276,14.6,,0.517,0.379,0.103,0.034,0,0.483,,0.333,0.455,0,0,,0.214,,0.8,1,,0,0,,0.286,0,,1,0
424,Duncan Robinson\robindu01,SG,25,MIA,73,2166,0.47,23.2,,0.118,0.066,0.029,0.009,0.015,0.882,,0.654,0.844,0.6,0.167,0.2,0.446,,0.83,0.963,,0.006,2,,0.234,0.493,,1,0
425,Glenn Robinson III\robingl02,SF,26,TOT,62,1786,0.486,14.4,,0.667,0.215,0.171,0.115,0.167,0.333,,0.534,0.709,0.455,0.441,0.455,0.391,,0.777,0.922,,0.068,35,,0.376,0.419,,1,0
426,Jerome Robinson\robinje01,SG,22,TOT,63,979,0.371,17.8,,0.506,0.113,0.129,0.129,0.135,0.494,,0.42,0.6,0.275,0.5,0.333,0.32,,0.439,0.918,,0.019,3,,0.261,0.275,,0,0
427,Justin Robinson\robinju01,PG,22,WAS,9,49,0.417,20.4,,0.583,0,0.083,0,0.5,0.417,,0.286,,1,,0.167,0.6,,0.5,1,,0,0,,0,,,0,0
428,Mitchell Robinson\robinmi01,C,21,NYK,61,1412,0.742,1.3,,1,0.924,0.073,0.003,0,0,,0.742,0.775,0.36,0,,,,0.668,,,0.616,185,,,,,0,0
429,Isaiah Roby\robyis01,PF,21,OKC,3,11,0,3.9,,1,0,1,0,0,0,,0,,0,,,,,,,,0,0,,,,,0,0
430,Rajon Rondo\rondora01,PG,33,LAL,48,984,0.418,13.6,,0.619,0.305,0.171,0.064,0.079,0.381,,0.473,0.58,0.357,0.381,0.385,0.328,,0.125,0.659,,0,0,,0.192,0.333,,0,0
431,Derrick Rose\rosede01,PG,31,DET,50,1298,0.49,10.9,,0.805,0.301,0.252,0.145,0.106,0.195,,0.535,0.665,0.458,0.468,0.438,0.306,,0.173,0.644,,0.003,2,,0.122,0.444,,1,0
432,Terrence Ross\rosste01,SG,28,ORL,69,1889,0.403,20.1,,0.404,0.09,0.066,0.104,0.144,0.596,,0.48,0.763,0.339,0.398,0.426,0.351,,0.628,0.87,,0.033,23,,0.089,0.4,,4,0
433,Terry Rozier\roziete01,PG,25,CHO,63,2164,0.423,15.6,,0.55,0.221,0.149,0.103,0.078,0.45,,0.436,0.553,0.343,0.361,0.384,0.407,,0.319,0.808,,0.009,6,,0.187,0.405,,0,0
434,Ricky Rubio\rubiori01,PG,29,PHO,65,2016,0.415,13.9,,0.688,0.249,0.137,0.133,0.169,0.312,,0.439,0.529,0.284,0.489,0.393,0.361,,0.278,0.872,,0,0,,0.269,0.379,,0,0
435,D'Angelo Russell\russeda01,PG,23,TOT,45,1452,0.426,19.1,,0.491,0.078,0.118,0.155,0.139,0.509,,0.487,0.712,0.39,0.42,0.517,0.367,,0.243,0.538,,0.004,3,,0.081,0.429,,2,0
436,Domantas Sabonis\sabondo01,PF,23,IND,62,2159,0.54,7.2,,0.921,0.511,0.225,0.047,0.138,0.079,,0.565,0.686,0.382,0.35,0.487,0.254,,0.651,1,,0.064,51,,0.09,0.167,,0,0
437,Luka Šamanić\samanlu01,PF,20,SAS,3,48,0.313,16.4,,0.5,0.188,0.188,0.063,0.063,0.5,,0.25,0.333,0,0,1,0.375,,0.5,1,,0,0,,0,,,0,0
438,JaKarr Sampson\sampsja02,PF,26,IND,34,471,0.591,6.6,,0.887,0.574,0.165,0.104,0.043,0.113,,0.647,0.773,0.526,0.25,0.4,0.154,,0.788,1,,0.2,21,,0.769,0.1,,0,0
439,Dario Šarić\saricda01,PF,25,PHO,66,1632,0.476,14,,0.563,0.32,0.141,0.037,0.065,0.437,,0.568,0.669,0.395,0.5,0.486,0.357,,0.669,0.976,,0.011,6,,0.166,0.231,,0,0
440,Tomáš Satoranský\satorto01,SG,28,CHI,65,1878,0.43,12.7,,0.639,0.287,0.212,0.1,0.04,0.361,,0.491,0.595,0.402,0.473,0.273,0.322,,0.341,0.906,,0.034,17,,0.286,0.368,,0,0
441,Admiral Schofield\schofad01,PF,22,WAS,33,368,0.38,18.6,,0.337,0.152,0.109,0.054,0.022,0.663,,0.516,0.571,0.4,0.6,0.5,0.311,,0.688,1,,0.033,2,,0.295,0.5,,1,0
442,Dennis Schröder\schrode01,PG,26,OKC,65,1999,0.469,14.8,,0.663,0.227,0.121,0.174,0.141,0.337,,0.513,0.639,0.444,0.44,0.456,0.385,,0.357,0.84,,0.003,3,,0.105,0.529,,4,0
443,Mike Scott\scottmi01,PF,31,PHI,68,1207,0.426,18.2,,0.38,0.194,0.086,0.06,0.04,0.62,,0.519,0.603,0.5,0.381,0.357,0.369,,0.696,1,,0.017,4,,0.217,0.255,,2,0
444,Thabo Sefolosha\sefolth01,PF,35,HOU,41,436,0.407,16.9,,0.407,0.253,0.066,0.033,0.055,0.593,,0.595,0.826,0.167,0.333,0.2,0.278,,0.591,1,,0,0,,0.444,0.417,,0,0
445,Collin Sexton\sextoco01,PG,21,CLE,65,2143,0.472,11.1,,0.765,0.33,0.215,0.153,0.068,0.235,,0.501,0.615,0.391,0.446,0.419,0.38,,0.293,0.742,,0.024,23,,0.11,0.536,,0,0
446,Landry Shamet\shamela01,SG,22,LAC,53,1452,0.404,20.7,,0.243,0.13,0.043,0.038,0.031,0.757,,0.495,0.686,0.118,0.533,0.167,0.375,,0.596,0.973,,0.01,2,,0.267,0.418,,0,0
447,Marial Shayok\shayoma01,SG,24,PHI,4,28,0.25,19.3,,0.5,0.083,0.083,0.083,0.25,0.5,,0.167,0,1,0,0,0.333,,0,1,,0,0,,0.333,0,,0,0
448,Iman Shumpert\shumpim01,SF,29,BRK,13,241,0.328,18.5,,0.484,0.156,0.031,0.078,0.219,0.516,,0.419,0.6,0.5,0.4,0.286,0.242,,0.769,0.875,,0,0,,0.242,0.25,,0,0
449,Pascal Siakam\siakapa01,PF,25,TOR,60,2110,0.453,12.7,,0.669,0.277,0.235,0.074,0.083,0.331,,0.499,0.703,0.382,0.329,0.304,0.359,,0.423,0.664,,0.039,41,,0.222,0.383,,0,0
450,Chris Silva\silvach01,PF,23,MIA,44,346,0.615,4,,0.962,0.679,0.205,0.051,0.026,0.038,,0.64,0.755,0.313,0.5,0.5,0,,0.667,,,0.269,19,,0.667,0,,0,0
451,Ben Simmons\simmobe01,PG,23,PHI,57,2017,0.58,3.6,,0.989,0.638,0.304,0.04,0.006,0.011,,0.583,0.719,0.365,0.154,0,0.286,,0.507,1,,0.167,102,,0.429,0.667,,2,0
452,Anfernee Simons\simonan01,SG,20,POR,70,1449,0.399,15.9,,0.578,0.211,0.131,0.127,0.11,0.422,,0.448,0.575,0.343,0.353,0.441,0.332,,0.374,0.68,,0.028,13,,0.168,0.368,,2,0
453,Alen Smailagić\smailal01,C,19,GSW,14,139,0.5,11.4,,0.675,0.325,0.25,0.075,0.025,0.325,,0.63,0.846,0.5,0,1,0.231,,0.529,1,,0.025,1,,0.308,0.25,,0,0
454,Marcus Smart\smartma01,SG,25,BOS,60,1919,0.375,18.4,,0.421,0.111,0.163,0.103,0.044,0.579,,0.415,0.539,0.351,0.443,0.267,0.347,,0.303,0.723,,0.009,5,,0.147,0.345,,5,0
455,Dennis Smith Jr.\smithde03,PG,22,NYK,34,537,0.341,12.7,,0.744,0.332,0.128,0.081,0.204,0.256,,0.357,0.543,0.222,0.235,0.186,0.296,,0.179,0.563,,0.043,7,,0.148,0.375,,0,0
456,Ish Smith\smithis01,PG,31,WAS,68,1787,0.447,13.2,,0.755,0.235,0.168,0.161,0.19,0.245,,0.473,0.617,0.362,0.514,0.359,0.367,,0.171,0.742,,0,0,,0.272,0.348,,0,0
457,J.R. Smith\smithjr01,SG,34,LAL,6,79,0.318,17.7,,0.5,0.045,0.227,0.136,0.091,0.5,,0.545,1,0.4,1,0,0.091,,0.667,1,,0,0,,0.273,0,,0,0
458,Zhaire Smith\smithzh01,SF,20,PHI,7,32,0.273,10.3,,0.727,0.545,0,0.091,0.091,0.273,,0.375,0.5,,0,0,0,,0.667,,,0.273,2,,0.333,0,,0,0
459,Tony Snell\snellto01,SF,28,DET,59,1641,0.445,19.4,,0.335,0.102,0.118,0.068,0.047,0.665,,0.531,0.692,0.489,0.346,0.556,0.402,,0.647,0.892,,0.024,9,,0.374,0.432,,1,0
460,Omari Spellman\spellom01,C,22,GSW,49,886,0.431,14.3,,0.627,0.305,0.112,0.078,0.132,0.373,,0.454,0.556,0.303,0.478,0.333,0.391,,0.607,1,,0.102,19,,0.182,0.55,,0,0
461,Max Strus\strusma01,SF,23,CHI,2,6,0.667,9,,0.667,0.667,0,0,0,0.333,,1,1,,,,0,,0.5,,,0,0,,0,,,0,0
462,Edmond Sumner\sumneed01,SG,24,IND,31,447,0.43,12.1,,0.627,0.359,0.204,0.063,0,0.373,,0.528,0.725,0.276,0.222,,0.264,,0.574,0.929,,0.049,7,,0.302,0.625,,1,0
463,Caleb Swanigan\swanica01,PF-C,22,TOT,27,288,0.596,5.3,,0.957,0.617,0.191,0.106,0.043,0.043,,0.622,0.724,0.444,0.4,0.5,0,,0.75,,,0.021,1,,0.5,0,,0,0
464,Jayson Tatum\tatumja01,PF,21,BOS,66,2265,0.45,14.4,,0.617,0.248,0.155,0.126,0.089,0.383,,0.48,0.618,0.374,0.396,0.394,0.403,,0.433,0.545,,0.05,56,,0.171,0.413,,3,0
465,Jeff Teague\teaguje01,PG,31,TOT,59,1464,0.436,10.9,,0.761,0.303,0.297,0.123,0.039,0.239,,0.457,0.574,0.407,0.317,0.368,0.368,,0.159,0.465,,0.01,4,,0.085,0.5,,0,0
466,Garrett Temple\templga01,SG,33,BRK,62,1730,0.378,18.9,,0.342,0.172,0.055,0.06,0.056,0.658,,0.473,0.584,0.375,0.286,0.424,0.329,,0.611,0.858,,0.007,3,,0.288,0.351,,0,0
467,Daniel Theis\theisda01,C,27,BOS,65,1566,0.566,9.2,,0.775,0.493,0.169,0.073,0.04,0.225,,0.633,0.729,0.458,0.516,0.412,0.333,,0.804,1,,0.211,81,,0.135,0.385,,2,0
468,Isaiah Thomas\thomais02,PG,30,WAS,40,925,0.408,17.7,,0.556,0.066,0.157,0.185,0.148,0.444,,0.405,0.536,0.299,0.392,0.476,0.413,,0.385,0.769,,0,0,,0.111,0.238,,0,0
469,Khyri Thomas\thomakh01,SG,23,DET,8,61,0.294,22.7,,0.176,0,0.059,0.059,0.059,0.824,,0,,0,0,0,0.357,,,1,,0,0,,0.143,0.5,,0,0
470,Lance Thomas\thomala01,PF,31,BRK,7,98,0.348,18.7,,0.435,0.087,0.087,0.13,0.13,0.565,,0.4,0.5,0.5,0,0.667,0.308,,0.75,1,,0,0,,0.769,0.3,,0,0
471,Matt Thomas\thomama02,SG,25,TOR,41,440,0.487,21.1,,0.34,0.06,0.053,0.087,0.14,0.66,,0.51,0.444,0.375,0.462,0.619,0.475,,0.769,0.957,,0,0,,0.212,0.524,,0,0
472,Tristan Thompson\thomptr01,PF,28,CLE,57,1721,0.512,5.1,,0.959,0.496,0.374,0.073,0.016,0.041,,0.518,0.624,0.433,0.317,0.111,0.391,,0.599,0.667,,0.185,95,,0.087,0,,0,0
473,Sindarius Thornwell\thornsi01,SF,25,NOP,2,35,0.545,13.6,,0.636,0.364,0.273,0,0,0.364,,0.571,0.75,0.333,,,0.5,,0.25,1,,0,0,,0.25,1,,1,0
474,Matisse Thybulle\thybuma01,SG,22,PHI,65,1287,0.423,16.6,,0.408,0.272,0.079,0.03,0.026,0.592,,0.519,0.653,0.286,0.25,0.143,0.357,,0.732,1,,0.136,32,,0.338,0.415,,1,0
475,Anthony Tolliver\tollian01,PF,34,TOT,55,872,0.357,21.3,,0.203,0.11,0.06,0.011,0.022,0.797,,0.432,0.4,0.364,0.5,0.75,0.338,,0.875,0.98,,0.011,2,,0.228,0.424,,0,0
476,Juan Toscano-Anderson\toscaju01,SG,26,GSW,13,272,0.46,11.6,,0.635,0.397,0.19,0.016,0.032,0.365,,0.525,0.72,0.25,0,0,0.348,,0.476,1,,0.111,6,,0.348,0.375,,0,0
477,Karl-Anthony Towns\townska01,C,24,MIN,35,1187,0.508,14,,0.555,0.328,0.148,0.032,0.047,0.445,,0.586,0.721,0.457,0.25,0.276,0.412,,0.505,0.816,,0.064,38,,0.101,0.429,,0,0
478,Gary Trent Jr.\trentga02,SF,21,POR,61,1332,0.444,19.4,,0.392,0.104,0.075,0.1,0.113,0.608,,0.486,0.696,0.333,0.432,0.44,0.418,,0.44,0.857,,0.02,9,,0.272,0.411,,1,0
479,Allonzo Trier\trieral01,SG,24,NYK,24,291,0.481,17.5,,0.5,0.208,0.057,0.085,0.151,0.5,,0.604,0.682,0.167,0.667,0.625,0.358,,0.281,0.789,,0.057,5,,0.132,0.429,,0,0
480,P.J. Tucker\tuckepj01,PF,34,HOU,72,2467,0.415,18.4,,0.298,0.148,0.089,0.035,0.026,0.702,,0.551,0.619,0.474,0.467,0.545,0.358,,0.729,0.991,,0,0,,0.766,0.384,,0,0
481,Rayjon Tucker\tuckera01,SG,22,UTA,20,161,0.465,14.1,,0.605,0.209,0.209,0.163,0.023,0.395,,0.654,0.778,0.556,0.571,1,0.176,,0.471,1,,0.023,1,,0.059,0,,0,0
482,Evan Turner\turneev01,SG,31,ATL,19,251,0.373,10.4,,0.925,0.299,0.149,0.343,0.134,0.075,,0.403,0.55,0.5,0.261,0.333,0,,0.4,,,0,0,,0.2,0,,0,0
483,Myles Turner\turnemy01,C,23,IND,62,1826,0.457,15.5,,0.574,0.221,0.152,0.107,0.094,0.426,,0.54,0.677,0.483,0.54,0.309,0.344,,0.709,1,,0.065,31,,0.148,0.351,,1,0
484,Jarrod Uthoff\uthofja01,PF,26,TOT,7,53,0.389,18.1,,0.5,0.111,0.111,0.111,0.167,0.5,,0.444,0.5,0,1,0.333,0.333,,1,1,,0,0,,0.222,0.5,,0,0
485,Jonas Valančiūnas\valanjo01,C,27,MEM,70,1845,0.585,7.2,,0.877,0.424,0.359,0.068,0.027,0.123,,0.617,0.735,0.543,0.34,0.45,0.352,,0.588,1,,0.091,63,,0.143,0.231,,1,0
486,Denzel Valentine\valende01,SF,26,CHI,36,488,0.409,19.5,,0.422,0.046,0.152,0.143,0.08,0.578,,0.51,0.545,0.444,0.529,0.579,0.336,,0.412,0.783,,0,0,,0.153,0.429,,2,0
487,Jarred Vanderbilt\vandeja01,PF,20,TOT,11,46,0.625,4,,0.875,0.875,0,0,0,0.125,,0.714,0.714,,,,0,,0.6,,,0.25,2,,1,0,,0,0
488,Fred VanVleet\vanvlfr01,SG,25,TOR,54,1928,0.413,15.4,,0.516,0.307,0.113,0.038,0.06,0.484,,0.434,0.549,0.23,0.276,0.326,0.39,,0.185,0.692,,0,0,,0.158,0.441,,1,0
489,Gabe Vincent\vincega01,PG,23,MIA,9,83,0.216,21.1,,0.27,0.081,0.081,0.108,0,0.73,,0.2,0.333,0.333,0,,0.222,,0.5,0.833,,0,0,,0.111,0.333,,0,0
490,Noah Vonleh\vonleno01,C,24,TOT,36,377,0.565,6.8,,0.837,0.511,0.315,0,0.011,0.163,,0.636,0.723,0.517,,0,0.2,,0.551,1,,0.174,14,,0.2,0.333,,0,0
491,Nikola Vučević\vucevni01,C,29,ORL,62,1998,0.477,12.5,,0.72,0.235,0.27,0.131,0.084,0.28,,0.531,0.675,0.487,0.43,0.425,0.339,,0.719,0.99,,0.03,27,,0.031,0.778,,0,0
492,Dean Wade\wadede01,PF,23,CLE,12,71,0.692,8.5,,0.692,0.615,0.077,0,0,0.308,,0.778,0.75,1,,,0.5,,0.714,1,,0.308,4,,0.5,0.5,,0,0
493,Moritz Wagner\wagnemo01,C,22,WAS,45,835,0.545,9.6,,0.699,0.489,0.188,0.015,0.008,0.301,,0.645,0.777,0.34,0.5,0,0.313,,0.767,1,,0.09,21,,0.163,0.385,,0,0
494,Dion Waiters\waitedi01,SG,28,TOT,10,207,0.414,15.8,,0.525,0.293,0.071,0.04,0.121,0.475,,0.5,0.586,0.286,0.75,0.333,0.319,,0.385,0.8,,0,0,,0.191,0.333,,0,0
495,Kemba Walker\walkeke02,PG,29,BOS,56,1742,0.425,17.6,,0.468,0.198,0.111,0.076,0.082,0.532,,0.476,0.597,0.273,0.471,0.466,0.381,,0.247,0.489,,0,0,,0.053,0.36,,5,0
496,Lonnie Walker\walkelo01,SG,21,SAS,61,988,0.426,12.4,,0.717,0.317,0.188,0.09,0.123,0.283,,0.434,0.584,0.313,0.281,0.341,0.406,,0.595,0.951,,0.056,17,,0.248,0.36,,2,0
497,Tyrone Wallace\wallaty01,SG,25,ATL,14,160,0.318,11.9,,0.659,0.432,0.136,0.068,0.023,0.341,,0.448,0.579,0.167,0.333,0,0.067,,0.615,0,,0.023,1,,0.267,0,,1,0
498,Derrick Walton\waltode01,PG,24,TOT,26,248,0.462,20.5,,0.385,0.077,0,0.154,0.154,0.615,,0.533,0.667,,0.5,0.5,0.417,,0.25,0.9,,0,0,,0.25,0.167,,0,0
499,Brad Wanamaker\wanambr01,PG,30,BOS,71,1369,0.448,12.3,,0.718,0.296,0.235,0.083,0.105,0.282,,0.481,0.692,0.271,0.433,0.395,0.363,,0.432,0.892,,0.011,4,,0.049,0.8,,0,0
500,T.J. Warren\warretj01,SF,26,IND,67,2202,0.536,12,,0.773,0.275,0.171,0.216,0.112,0.227,,0.575,0.759,0.465,0.488,0.455,0.403,,0.609,0.901,,0.037,37,,0.412,0.419,,0,0
501,P.J. Washington\washipj01,PF,21,CHO,58,1759,0.455,12.3,,0.61,0.324,0.25,0.024,0.012,0.39,,0.507,0.66,0.34,0.214,0.429,0.374,,0.786,0.965,,0.109,59,,0.274,0.508,,0,0
502,Yuta Watanabe\watanyu01,SF,25,MEM,18,105,0.441,10.9,,0.765,0.353,0.176,0.147,0.088,0.235,,0.462,0.583,0.5,0.2,0.333,0.375,,0.5,1,,0.147,3,,0.25,0.5,,0,0
503,Tremont Waters\watertr01,PG,22,BOS,11,119,0.286,16.8,,0.51,0.143,0.184,0.122,0.061,0.49,,0.4,0.714,0.222,0.167,0.667,0.167,,0.2,0.25,,0,0,,0.125,0,,0,0
504,Paul Watson\watsopa01,SF,25,TOT,10,87,0.385,14.6,,0.538,0.308,0.154,0.038,0.038,0.462,,0.429,0.75,0,0,0,0.333,,0.667,1,,0.115,3,,0.083,0,,0,0
505,Quinndary Weatherspoon\weathqu01,SG,23,SAS,11,78,0.294,13.7,,0.706,0.353,0.176,0.059,0.118,0.294,,0.333,0.333,0.667,0,0,0.2,,0.75,0,,0.059,0,,0.2,0,,1,0
506,Russell Westbrook\westbru01,PG,31,HOU,57,2049,0.472,10.1,,0.834,0.415,0.142,0.13,0.148,0.166,,0.514,0.64,0.363,0.404,0.402,0.258,,0.235,0.655,,0.041,40,,0.192,0.22,,0,0
507,Coby White\whiteco01,PG,19,CHI,65,1674,0.394,16,,0.525,0.258,0.106,0.054,0.107,0.475,,0.43,0.529,0.321,0.372,0.329,0.354,,0.263,0.759,,0.01,4,,0.141,0.377,,1,0
508,Derrick White\whitede01,SG,25,SAS,68,1677,0.458,14.2,,0.609,0.254,0.192,0.094,0.069,0.391,,0.518,0.6,0.528,0.385,0.368,0.366,,0.385,0.81,,0.02,10,,0.148,0.344,,3,0
509,Hassan Whiteside\whiteha01,C,30,POR,67,2008,0.621,5,,0.99,0.558,0.259,0.108,0.064,0.01,,0.622,0.74,0.511,0.395,0.422,0.571,,0.646,1,,0.188,128,,0,,,0,0
510,Andrew Wiggins\wiggian01,SF,24,TOT,54,1858,0.447,13.6,,0.658,0.251,0.212,0.102,0.094,0.342,,0.506,0.686,0.454,0.33,0.337,0.332,,0.393,0.775,,0.034,31,,0.138,0.326,,0,0
511,Grant Williams\willigr01,PF,21,BOS,69,1043,0.412,14.2,,0.545,0.265,0.19,0.071,0.019,0.455,,0.548,0.661,0.55,0.267,0,0.25,,0.619,0.875,,0.033,5,,0.427,0.293,,2,0
512,Johnathan Williams\willijo04,PF,24,WAS,15,180,0.559,8.7,,0.941,0.412,0.265,0.118,0.147,0.059,,0.594,0.857,0.556,0,0.4,0,,0.579,,,0.118,4,,0.5,0,,1,0
513,Kenrich Williams\willike04,PF,25,NOP,39,832,0.347,17.8,,0.34,0.259,0.048,0.014,0.02,0.66,,0.52,0.553,0.429,0.5,0.333,0.258,,0.654,0.96,,0.034,4,,0.433,0.357,,2,0
514,Lou Williams\willilo02,PG,33,LAC,65,1864,0.418,14.8,,0.663,0.193,0.183,0.145,0.142,0.337,,0.451,0.575,0.409,0.368,0.421,0.352,,0.207,0.64,,0.005,3,,0.229,0.347,,1,0
515,Marvin Williams\willima02,PF,33,TOT,58,1129,0.446,17.4,,0.416,0.139,0.195,0.06,0.022,0.584,,0.568,0.838,0.481,0.375,0.167,0.359,,0.667,0.982,,0.011,2,,0.365,0.474,,1,0
516,Robert Williams\williro04,C,22,BOS,29,388,0.727,3,,1,0.784,0.136,0.023,0.057,0,,0.727,0.797,0.417,1,0.4,,,0.813,,,0.455,36,,,,,0,0
517,Nigel Williams-Goss\willini01,PG,25,UTA,10,50,0.313,15.5,,0.563,0,0.438,0.063,0.063,0.438,,0.333,,0.429,0,0,0.286,,0.667,1,,0,0,,0.286,0.5,,0,0
518,Zion Williamson\willizi01,PF,19,NOP,24,668,0.583,3.5,,0.961,0.744,0.183,0.022,0.011,0.039,,0.59,0.668,0.333,0.375,0,0.429,,0.755,1,,0.178,58,,0,,,0,0
519,D.J. Wilson\wilsodj01,PF,23,MIL,37,363,0.394,16.7,,0.447,0.227,0.106,0.053,0.061,0.553,,0.576,0.767,0.357,0.286,0.5,0.247,,0.853,0.944,,0.121,13,,0.247,0.556,,0,0
520,Justise Winslow\winslju01,SG,23,MIA,11,352,0.388,10.4,,0.791,0.256,0.372,0.085,0.078,0.209,,0.431,0.606,0.354,0.455,0.2,0.222,,0.5,0.833,,0.031,3,,0.296,0.125,,0,0
521,Christian Wood\woodch01,PF,24,DET,62,1325,0.567,10.1,,0.724,0.409,0.234,0.041,0.039,0.276,,0.636,0.793,0.445,0.381,0.4,0.386,,0.714,0.926,,0.242,115,,0.279,0.385,,0,0
522,Delon Wright\wrighde01,PG,27,DAL,73,1570,0.462,11,,0.691,0.37,0.265,0.032,0.024,0.309,,0.504,0.645,0.349,0.385,0.2,0.37,,0.308,0.809,,0.022,8,,0.173,0.5,,3,0
523,Justin Wright-Foreman\wrighju02,PG,22,UTA,4,45,0.35,17.2,,0.5,0.1,0.2,0.15,0.05,0.5,,0.5,0.5,0.5,0.333,1,0.2,,0.4,0.5,,0,0,,0.1,1,,0,0
524,Thaddeus Young\youngth01,PF,31,CHI,64,1591,0.448,11.9,,0.631,0.329,0.25,0.023,0.028,0.369,,0.501,0.601,0.413,0.214,0.353,0.356,,0.568,0.937,,0.048,26,,0.423,0.362,,2,0
525,Trae Young\youngtr01,PG,21,ATL,60,2120,0.437,16.8,,0.545,0.183,0.167,0.146,0.05,0.455,,0.501,0.596,0.452,0.467,0.413,0.361,,0.161,0.298,,0,0,,0.033,0.579,,1,1
526,Cody Zeller\zelleco01,C,27,CHO,58,1341,0.524,6.6,,0.843,0.57,0.242,0.027,0.004,0.157,,0.577,0.659,0.422,0.154,1,0.24,,0.704,0.944,,0.14,63,,0.053,0.5,,0,0
527,Tyler Zeller\zellety01,C,30,SAS,2,4,0.25,3,,1,0.5,0.5,0,0,0,,0.25,0,0.5,,,,,1,,,0,0,,,,,0,0
528,Ante Žižić\zizican01,C,23,CLE,22,221,0.569,4.1,,1,0.514,0.361,0.111,0.014,0,,0.569,0.622,0.462,0.75,0,,,0.756,,,0.042,1,,,,,0,0
529,Ivica Zubac\zubaciv01,C,22,LAC,72,1326,0.613,3.4,,0.995,0.691,0.229,0.042,0.034,0.005,,0.616,0.684,0.42,0.438,0.769,0,,0.725,,,0.265,97,,0,,,0,0
